code,quality_value_assets_debt_ratio,quality_value_basic_eps,quality_value_calc_per_net_assets,quality_value_calculate_operating_income_total_yoy_growth_ratio,quality_value_calculate_parent_holder_net_profit_yoy_growth_ratio,quality_value_deduct_net_profit_yoy_growth_ratio,quality_value_equity_ratio,quality_value_index_deduct_holder_net_profit,quality_value_index_full_diluted_roe,quality_value_index_per_operating_cash_flow_net,quality_value_index_weighted_avg_roe,quality_value_operating_income_total,quality_value_parent_holder_net_profit,quality_value_per_capital_reserve,quality_value_per_undistributed_profits,quality_value_sale_net_interest_ratio,quality_single_basic_eps,quality_single_calculate_operating_income_total_yoy_growth_ratio,quality_single_calculate_parent_holder_net_profit_yoy_growth_ratio,quality_single_deduct_net_profit_yoy_growth_ratio,quality_single_index_deduct_holder_net_profit,quality_single_index_full_diluted_roe,quality_single_index_per_operating_cash_flow_net,quality_single_index_weighted_avg_roe,quality_single_operating_income_total,quality_single_parent_holder_net_profit,quality_single_sale_net_interest_ratio,quality_yoy_assets_debt_ratio,quality_yoy_basic_eps,quality_yoy_calc_per_net_assets,quality_yoy_calculate_operating_income_total_yoy_growth_ratio,quality_yoy_calculate_parent_holder_net_profit_yoy_growth_ratio,quality_yoy_deduct_net_profit_yoy_growth_ratio,quality_yoy_equity_ratio,quality_yoy_index_deduct_holder_net_profit,quality_yoy_index_full_diluted_roe,quality_yoy_index_per_operating_cash_flow_net,quality_yoy_index_weighted_avg_roe,quality_yoy_operating_income_total,quality_yoy_parent_holder_net_profit,quality_yoy_per_capital_reserve,quality_yoy_per_undistributed_profits,quality_yoy_sale_net_interest_ratio,quality_mom_basic_eps,quality_mom_calculate_operating_income_total_yoy_growth_ratio,quality_mom_calculate_parent_holder_net_profit_yoy_growth_ratio,quality_mom_deduct_net_profit_yoy_growth_ratio,quality_mom_index_deduct_holder_net_profit,quality_mom_index_full_diluted_roe,quality_mom_index_per_operating_cash_flow_net,quality_mom_index_weighted_avg_roe,quality_mom_operating_income_total,quality_mom_parent_holder_net_profit,quality_mom_sale_net_interest_ratio,quality_single_yoy_basic_eps,quality_single_yoy_calculate_operating_income_total_yoy_growth_ratio,quality_single_yoy_calculate_parent_holder_net_profit_yoy_growth_ratio,quality_single_yoy_deduct_net_profit_yoy_growth_ratio,quality_single_yoy_index_deduct_holder_net_profit,quality_single_yoy_index_full_diluted_roe,quality_single_yoy_index_per_operating_cash_flow_net,quality_single_yoy_index_weighted_avg_roe,quality_single_yoy_operating_income_total,quality_single_yoy_parent_holder_net_profit,quality_single_yoy_sale_net_interest_ratio,statDate,pubDate,quality_value_business_cycle,quality_value_conservative_quick_ratio,quality_value_current_ratio,quality_value_inventory_turnover_days,quality_value_inventory_turnover_ratio,quality_value_quick_ratio,quality_value_receive_accounts_turnover_days,quality_value_sale_gross_margin,quality_single_sale_gross_margin,quality_yoy_business_cycle,quality_yoy_conservative_quick_ratio,quality_yoy_current_ratio,quality_yoy_inventory_turnover_days,quality_yoy_inventory_turnover_ratio,quality_yoy_quick_ratio,quality_yoy_receive_accounts_turnover_days,quality_yoy_sale_gross_margin,quality_mom_sale_gross_margin,quality_single_yoy_sale_gross_margin
sh600519,12.853,3.47,50.6004,15.545618,17.989888,17.8546,0.153,4366636015.79,7.5536,1.8491,7.85,8760367928.22,4364901720.89,1.204,43.7225,54.1687,3.8222,15.545618,17.989888,17.8546,4366636015.79,7.8494,1.8491,7.85,8760367928.22,4364901720.89,54.1687,-0.16028041,0.07098765,0.13491218,1.67809955,5.08152746,10.94297488,-0.17431193,0.17854599,-0.05487851,10.03940299,-0.05649038,0.15545618,0.17989888,-0.09090909,0.14508965,0.02087982,-0.06261189,0.44475816,0.2398508,0.24245672,-0.07670714,-0.1388575,-0.57367487,-0.12192394,-0.12779706,-0.06261676,0.09094296,0.07265737,1.67809955,5.08152746,10.94297488,0.17854599,-0.05675523,10.03940299,-0.05649038,0.15545618,0.17989888,0.02087982,2015-03-31,2015-05-15,2374.6955,3.5636,5.7196,2374.6702,0.0379,3.5636,0.0253,93.2142,93.2142,0.08971046,0.27791723,0.21026683,0.08970975,-0.08232446,0.27791723,0.16055046,0.0002028,0.00839153,0.0002028
sh600519,11.9937,6.28,53.6817,10.742002,9.106386,8.8267,0.1415,7889895890.08,12.8673,4.2922,13.75,16185651569.47,7888232276.17,1.204,46.7764,53.0116,3.0852,5.564254,-0.202155,-0.6093,3523259874.29,5.9171,2.4431,5.9,7425283641.25,3523330555.28,51.6451,-0.22937495,-0.00789889,0.35398464,2.17569902,37.48391827,4.40799228,-0.2544784,0.08826681,-0.19418211,0.1429104,-0.12084399,0.10742002,0.09106386,0.0,0.42620976,-0.00944743,-0.19282089,-0.6420693,-1.01123715,-1.03412566,-0.19314093,-0.24617168,0.32123736,-0.24840764,-0.15240048,-0.19280415,-0.04658779,-0.00203785,5.23127455,0.94059726,0.82114131,-0.00609341,-0.23268148,-0.31909142,-0.19398907,0.05564254,-0.00202155,-0.04382351,2015-06-30,2015-09-13,2412.8953,3.9731,6.1491,2412.8686,0.0746,3.9731,0.0267,92.611,91.8987,0.05630277,0.58240401,0.36485917,0.05630023,-0.05329949,0.58240401,0.34848485,-0.0053005,-0.01411266,-0.01190675
sh600519,20.1655,9.09,47.6422,7.040289,6.838923,6.7562,0.2613,11520504950.25,19.0894,9.0936,19.69,23734319250.48,11424637743.71,1.0945,41.2719,52.3865,2.8152,-0.118434,2.105691,2.5175,3630609060.17,5.8379,4.8014,5.94,7548667681.01,3536405467.54,51.0481,0.42323274,0.06815511,0.11626261,8.06521277,3.0088931,2.45648565,0.53255132,0.0675618,-0.12989931,0.35230872,-0.14465682,0.07040289,0.06838923,-0.09094684,0.15186182,0.00015082,-0.08751459,-1.02128479,11.41622023,5.13179058,0.03046871,-0.01338494,0.96529,0.00677966,0.01661674,0.00371095,-0.01155966,-0.07174888,0.96969141,1.22433253,1.29358258,0.02517508,-0.20763603,0.6171775,-0.19512195,-0.00118434,0.02105691,0.01742137,2015-09-30,2015-11-14,2423.7458,2.4982,3.6676,2423.6984,0.1114,2.4982,0.0474,92.4529,92.1144,0.13107105,-0.14177746,-0.27570749,0.13105928,-0.11587302,-0.14177746,1.41836735,-0.00227489,0.00234715,0.00331336
sh600519,23.2526,12.34,50.8885,3.816734,0.998618,0.6187,0.3139,15616866431.94,24.2516,13.8803,26.23,33446859045.58,15503090276.38,1.0945,43.6866,50.3834,3.2467,-3.299658,-12.413307,-13.3855,4096361481.69,6.5902,4.7867,6.54,9712539795.1,4078452532.67,45.5079,0.45026913,0.00981997,0.08766789,0.0342438,-0.29088974,0.37948718,0.58775923,0.00618737,-0.15583774,0.25479578,-0.17928661,0.03816734,0.00998618,-0.09094684,0.09489402,-0.02221127,0.15327508,-26.86073256,-6.89512279,-6.31698113,0.12828493,0.12886483,-0.00306161,0.1010101,0.28665616,0.15327628,-0.10852901,-0.2037523,-1.30665927,-1.85551665,-1.93146329,-0.13385469,-0.2770019,0.10361285,-0.26845638,-0.03299658,-0.12413307,-0.08348321,2015-12-31,2016-04-29,2339.2063,2.2698,3.2418,2339.1813,0.1539,2.2698,0.025,92.2279,91.6802,0.13319913,-0.19484942,-0.28146818,0.13320338,-0.11754587,-0.19484942,-0.16107383,-0.00394737,-0.0047137,-0.00820329
sh600519,21.7765,3.89,54.7834,17.014122,12.013326,11.9005,0.287,4886287212.46,7.1046,5.9195,7.37,10250867583.69,4889271595.32,1.0945,47.5787,52.1795,3.8921,17.014122,12.013326,11.9005,4886287212.46,7.3664,5.9195,7.37,10250867583.69,4889271595.32,52.1795,0.69427371,0.12103746,0.08266733,0.09446418,-0.33221785,-0.33347709,0.87581699,0.11900493,-0.05944186,2.20128711,-0.0611465,0.17014122,0.12013326,-0.09094684,0.08819715,-0.03672231,0.19878646,6.15632893,1.96777805,1.88905906,0.19283594,0.11778095,0.23665573,0.12691131,0.05542606,0.19880557,0.14660312,0.0182879,0.09446418,-0.33221785,-0.33347709,0.11900493,-0.06153337,2.20128711,-0.0611465,0.17014122,0.12013326,-0.03672231,2016-03-31,2016-05-15,2147.9735,2.4655,3.5023,2147.9714,0.0419,2.4857,0.0021,92.3414,92.3414,-0.09547414,-0.30814345,-0.38766697,-0.09546538,0.1055409,-0.30247503,-0.91699605,-0.00936338,0.00721203,-0.00936338
sh600519,29.5075,7.01,51.7267,15.766838,11.592012,11.5217,0.4339,8798948190.99,13.5469,10.8295,12.88,18737617091.82,8802637138.02,1.0945,43.8277,51.599,3.1152,14.29529,11.070065,11.0523,3912660978.53,5.8497,4.91,5.51,8486749508.13,3913365542.7,50.8905,1.46024996,0.11624204,-0.03641837,0.46777463,0.27295417,0.30532362,2.0664311,0.11521727,0.05281605,1.52306509,-0.06327273,0.15766838,0.11592012,-0.09094684,-0.0630382,-0.026647,-0.19960947,-0.15979855,-0.07851789,-0.07127432,-0.19925686,-0.20589433,-0.17053805,-0.25237449,-0.17209451,-0.19960152,-0.02470319,0.00972384,1.56912966,55.76028295,19.13934023,0.11052296,-0.01139072,1.00974172,-0.06610169,0.1429529,0.11070065,-0.01461126,2016-06-30,2016-09-13,2224.9754,1.9245,2.6245,2224.9691,0.0809,1.9245,0.0063,91.8814,91.3201,-0.0778815,-0.51561753,-0.57318957,-0.0778739,0.0844504,-0.51561753,-0.76404494,-0.00787811,-0.01106004,-0.00629606
sh600519,32.2052,9.92,54.6433,16.003897,9.111361,8.8952,0.4933,12545273396.48,18.1601,25.8998,18.45,27532735151.02,12465577764.14,1.0945,46.7436,50.0535,2.9159,16.51219,3.578073,3.1872,3746325205.49,5.4826,15.0703,5.57,8795118059.2,3662940626.12,46.7331,0.59704446,0.09130913,0.14695165,1.27318751,0.3322801,0.31659809,0.88786835,0.0889517,-0.04868147,1.84813495,-0.06297613,0.16003897,0.09111361,0.0,0.13257689,-0.04453437,-0.06397663,0.15507905,-0.6767794,-0.71162563,-0.04251219,-0.06275535,2.06930754,0.01088929,0.0363353,-0.06399221,-0.08169305,0.03577011,140.42102775,0.69923935,0.26601787,0.03187238,-0.06086093,2.13873037,-0.06228956,0.1651219,0.03578073,-0.08452812,2016-09-30,2016-11-14,2231.4493,1.8731,2.4671,2231.405,0.121,1.8731,0.0443,91.6439,91.1334,-0.07933856,-0.25022016,-0.32732577,-0.07933883,0.08617594,-0.25022016,-0.06540084,-0.0087504,-0.00204446,-0.0106498
sh600519,32.7942,13.31,58.0276,20.056369,7.838905,8.5665,0.5081,16954689021.77,22.9351,29.8132,24.44,40155084412.93,16718362734.16,1.0945,49.9267,46.139,3.3854,29.959305,4.274475,7.6422,4409415625.29,6.0094,3.9134,5.99,12622349261.91,4252784970.02,37.6152,0.41034551,0.07860616,0.14028906,4.25485114,6.84975336,12.84596735,0.61866837,0.08566524,-0.05428508,1.14787865,-0.06824247,0.20056369,0.07838905,0.0,0.14283785,-0.08424203,0.16101375,0.81437502,0.19463046,1.39777861,0.17699756,0.0960858,-0.74032368,0.07540395,0.43515405,0.16103028,-0.19510582,0.0427203,10.07951824,1.34434619,1.57093123,0.07642249,-0.08813086,-0.18244302,-0.08409786,0.29959305,0.04274475,-0.17343582,2016-12-31,2017-04-30,2039.6601,1.8339,2.436,2039.6601,0.1765,1.8444,,91.2251,90.3134,-0.12805463,-0.19204335,-0.24856561,-0.12804531,0.1468486,-0.18741739,,-0.01087307,-0.0089978,-0.01490834
sh600519,30.6986,4.87,62.9023,35.72911,25.235819,25.8253,0.4622,6148184676.75,7.749,4.8631,8.06,13913411369.3,6123119324.13,1.0945,54.801,49.1773,4.8743,35.72911,25.235819,25.8253,6148184676.75,8.0614,4.8631,8.06,13913411369.3,6123119324.13,49.1773,0.4097123,0.25192802,0.1482,1.0999679,1.10065214,1.1701021,0.61045296,0.25825282,0.0907018,-0.17846102,0.0936228,0.3572911,0.25235819,0.0,0.15179692,-0.05753601,0.43980032,0.19258808,4.90384059,2.37930177,0.39433095,0.34146504,0.242679,0.34557596,0.10228382,0.43979048,0.3073784,0.25235734,1.0999679,1.10065214,1.1701021,0.25825282,0.09434731,-0.17846102,0.0936228,0.3572911,0.25235819,-0.05753601,2017-03-31,2017-05-15,1581.7223,2.0336,2.6264,1581.7223,0.0569,2.0336,,91.1561,91.1561,-0.26362113,-0.17517745,-0.2500928,-0.26362041,0.35799523,-0.18188036,,-0.01283606,0.00933084,-0.01283606
sh600519,34.3234,8.96,60.1996,36.057305,27.81239,28.1957,0.5464,11279876578.52,14.8776,5.5209,14.33,25493896745.03,11250860929.71,1.0945,51.3821,49.7909,4.082,36.45372,31.031501,31.1561,5131691901.77,6.6318,0.6578,6.27,11580485375.73,5127741605.58,50.5414,0.16320935,0.27817404,0.16380129,1.28690781,1.39927202,1.44718227,0.25927633,0.28195738,0.09822912,-0.49019807,0.11257764,0.36057305,0.2781239,0.0,0.17236588,-0.03504138,-0.16254642,0.02028066,0.22966094,0.20641774,-0.16533218,-0.17733892,-0.86473648,-0.22208437,-0.16767462,-0.16256056,0.02773841,0.31034926,1.5500511,1.8031905,1.81896981,0.31156058,0.13369916,-0.86602851,0.13793103,0.3645372,0.31031501,-0.00685983,2017-06-30,2017-09-13,1486.3749,1.8289,2.3581,1486.3749,0.1211,1.8289,,89.6187,87.7384,-0.33195895,-0.04967524,-0.10150505,-0.33195706,0.49690977,-0.04967524,,-0.02462631,-0.03749283,-0.03922138
sh600519,30.8336,15.91,67.152,61.579931,60.31224,60.1162,0.4671,20087008841.63,23.6898,18.1395,24.97,44487374571.44,19983846984.1,1.0945,58.334,50.3209,6.9519,115.95478,138.414622,135.0872,8807132263.11,10.9177,12.6186,10.64,18993477826.41,8732986054.39,51.023,-0.0425894,0.60383065,0.22891553,2.84780851,5.61945455,5.75827413,-0.0531117,0.60116151,0.30449722,-0.2996278,0.35338753,0.61579931,0.6031224,0.0,0.24795694,0.00534228,0.70306222,2.18087646,3.46045526,3.33581867,0.71622389,0.64626497,18.18303436,0.6969697,0.64012796,0.70308622,0.00952882,1.38413526,6.02237438,37.68412467,41.38428715,1.35087233,0.99133623,-0.16268422,0.91023339,1.1595478,1.38414622,0.09179575,2017-09-30,2017-11-14,1310.6796,2.1099,2.6611,1310.6796,0.206,2.1099,,89.9331,90.3496,-0.41263304,0.12642144,0.07863483,-0.41262138,0.70247934,0.12642144,,-0.01866791,0.0297612,-0.00860058
sh600519,28.6683,21.56,72.8003,52.06731,61.973757,60.5696,0.422,27224083628.17,29.6106,17.635,32.95,61062756866.16,27079360255.74,1.0945,63.6932,49.8239,5.6484,31.317728,66.843923,61.8599,7137074786.54,8.0719,-0.5045,7.98,16575382294.72,7095513271.64,48.4858,-0.12581188,0.61983471,0.25458058,1.59604867,6.90592015,6.07051888,-0.16945483,0.60569643,0.29106043,-0.40848349,0.34819967,0.5206731,0.61973757,0.0,0.27573423,0.07986519,-0.1875027,-0.7299143,-0.5170747,-0.5420743,-0.18962557,-0.2606593,-1.03998066,-0.25,-0.12731189,-0.18750434,-0.04972659,0.66845868,0.04534227,14.63792583,7.09451467,0.61859879,0.3432123,-1.12891603,0.33222037,0.31317728,0.66843923,0.28899487,2017-12-31,2018-04-30,1293.1034,2.3166,2.9099,1293.1034,0.2784,2.3166,,89.7962,89.4276,-0.36602015,0.26320955,0.19454023,-0.36602015,0.57733711,0.25601822,,-0.01566345,-0.0102048,-0.00980807
sh600519,21.7665,6.77,79.5718,32.212413,38.930931,38.4275,0.2927,8510778903.45,8.5105,3.9289,8.89,18395256845.96,8506906678.2,1.0945,70.4652,52.2756,6.7719,32.212413,38.930931,38.4275,8510778903.45,8.8887,3.9289,8.89,18395256845.96,8506906678.2,52.2756,-0.29096115,0.39014374,0.26500621,-0.09842666,0.54268546,0.48797884,-0.36672436,0.38427509,0.09827074,-0.19209969,0.10297767,0.32212413,0.38930931,0.0,0.28583785,0.06300265,0.19890588,0.028568,-0.41758459,-0.3787979,0.19247439,0.10119055,8.7877106,0.11403509,0.10979382,0.1989135,0.07816309,0.38930718,-0.09842666,0.54268546,0.48797884,0.38427509,0.10262485,-0.19209969,0.10297767,0.32212413,0.38930931,0.06300265,2018-03-31,2018-05-15,1306.2409,3.0399,3.8229,1306.2409,0.0689,3.0432,,91.3055,91.3055,-0.17416547,0.49483674,0.45556655,-0.17416547,0.21089631,0.49645948,,0.00163895,0.02099911,0.00163895
sh600519,25.7171,12.55,74.3495,38.274133,40.115373,40.8186,0.3577,15884168512.98,16.8786,14.118,15.87,35251464783.33,15764185782.66,1.0945,61.198,50.6677,5.7772,45.557007,41.529735,43.6834,7373389609.53,7.5067,10.1891,6.98,16856207937.37,7257279104.46,48.9049,-0.25074148,0.40066964,0.23504973,0.06148069,0.44235619,0.44768883,-0.34535139,0.40818638,0.1344975,1.55719176,0.10746685,0.38274133,0.40115373,0.0,0.19103735,0.01760964,-0.1468864,0.41426869,0.06675422,0.13677445,-0.13364103,-0.1554783,1.59337219,-0.21484814,-0.08366553,-0.14689565,-0.06447941,0.41528662,0.24972176,0.33830893,0.40208178,0.43683404,0.13192497,14.48966251,0.11323764,0.45557007,0.41529735,-0.0323794,2018-06-30,2018-09-13,1312.9103,2.5393,3.2262,1312.9103,0.1371,2.5393,,90.9421,90.5437,-0.11670313,0.3884302,0.36813536,-0.11670313,0.13212221,0.3884302,,0.01476701,-0.00834342,0.03197346
sh600519,27.8568,19.69,81.4916,23.561498,23.767725,24.1051,0.4004,24929011158.67,24.161,22.4656,24.93,54969266451.42,24733552720.33,1.0945,68.3381,50.8624,7.1401,3.81354,2.706759,2.6991,9044842645.69,9.1633,8.3476,9.06,19717801668.09,8969366937.67,51.2073,-0.09654403,0.23758642,0.21353943,-0.61738349,-0.60592203,-0.59902489,-0.14279598,0.24105144,0.01989042,0.23849059,-0.00160192,0.23561498,0.23767725,0.0,0.1714969,0.01076094,0.23591013,-0.91629081,-0.93482359,-0.93821223,0.2266872,0.22068286,-0.18073235,0.29799427,0.16976498,0.23591319,0.04707913,0.02707174,-0.96711183,-0.98044456,-0.98001957,0.02699067,-0.16069319,-0.33846861,-0.14849624,0.0381354,0.02706759,0.0036121,2018-09-30,2018-11-14,1278.4091,2.485,3.0465,1278.4091,0.2112,2.485,,91.1238,91.4458,-0.0246212,0.17778094,0.14482733,-0.0246212,0.02524272,0.17778094,,0.01323984,0.00996314,0.01213287
sh600519,26.5493,28.02,89.8255,26.4263,30.001687,30.7131,0.3761,35585443648.6,31.1982,32.9448,34.46,77199384110.22,35203625263.22,1.0945,76.4067,51.3718,8.3347,34.115264,47.559058,49.3109,10656432489.93,9.7302,10.4792,9.53,22230117658.8,10470072542.89,52.6156,-0.07391439,0.29962894,0.23386167,-0.4924589,-0.51589691,-0.4929288,-0.10876777,0.307131,0.05361593,0.86814857,0.04582701,0.264263,0.30001687,0.0,0.1996053,0.03106742,0.16730858,7.94582566,16.57048115,17.26938609,0.17817776,0.06186636,0.25535483,0.05187638,0.12741359,0.16731455,0.02750194,0.47558601,0.08932755,-0.28850588,-0.20286163,0.49310927,0.2054411,21.77145689,0.19423559,0.34115264,0.47559058,0.08517545,2018-12-31,2019-04-30,1257.4223,2.6635,3.2485,1257.4223,0.2863,2.6635,,91.142,91.1864,-0.02759339,0.14974532,0.11636139,-0.02759339,0.02837644,0.14974532,,0.01498727,-0.00283665,0.01966731
sh600519,19.1172,8.93,98.7566,22.208271,31.909656,32.793,0.2464,11301721758.13,9.0453,0.9467,9.47,22480525254.69,11221431345.08,1.0945,85.3396,55.0532,8.9329,22.208271,31.909656,32.793,11301721758.13,9.4737,0.9467,9.47,22480525254.69,11221431345.08,55.0532,-0.12171456,0.31905465,0.24110049,-0.31056792,-0.1803521,-0.14662676,-0.15818244,0.32793037,0.06284002,-0.75904197,0.06524184,0.22208271,0.31909656,0.0,0.21108859,0.05313378,0.07177223,-0.34902245,-0.32905198,-0.33497462,0.06055397,-0.02636123,-0.90965913,-0.00629591,0.01126434,0.07176252,0.04632847,0.3191128,-0.31056792,-0.1803521,-0.14662676,0.32793037,0.0658139,-0.75904197,0.06524184,0.22208271,0.31909656,0.05313378,2019-03-31,2019-05-15,1253.4819,3.6859,4.5107,1253.4819,0.0718,3.6859,,92.1113,92.1113,-0.04038995,0.21250699,0.17991577,-0.04038995,0.04208999,0.21119217,,0.00882532,0.01014296,0.00882532
sh600519,27.5644,15.88,91.351,16.797079,26.559189,26.1095,0.3966,20031439180.39,17.3858,19.1745,16.21,41172681309.94,19951025609.22,1.0945,75.5726,53.6787,6.9492,10.891822,20.287426,18.3949,8729717422.26,7.3108,18.2278,6.74,18692156055.25,8729594264.14,52.0114,0.07183158,0.26533865,0.22867,-0.56113757,-0.3379299,-0.36035288,0.10875035,0.2610946,0.03004989,0.3581598,0.02142407,0.16797079,0.26559189,0.0,0.23488676,0.05942642,-0.22206674,-0.50956011,-0.36422298,-0.43906017,-0.22757633,-0.22830573,18.25404035,-0.28827878,-0.16851782,-0.22206054,-0.05525201,0.20286644,-0.76091884,-0.51149638,-0.57890411,0.18394902,-0.02609669,0.78895094,-0.03438395,0.10891822,0.20287426,0.06352124,2019-06-30,2019-09-13,1331.3609,2.5684,3.1372,1331.3609,0.1352,2.577,,91.8668,91.5703,0.01405321,0.01145985,-0.02758663,0.01405321,-0.0138585,0.01484661,,0.01016801,-0.00587333,0.01133817
sh600519,19.5191,24.24,99.7122,15.534856,23.131746,22.4847,0.2533,30534220918.96,24.3137,21.7445,24.92,63508663046.7,30454855385.44,1.0945,83.9342,53.1919,8.3616,13.278255,17.107817,16.119,10502781738.57,8.7527,2.57,8.71,22335981736.76,10503829776.22,52.2956,-0.29930574,0.23108177,0.22358869,-0.34066773,-0.02675809,-0.06722229,-0.36738262,0.22484686,0.0063201,-0.03209796,-0.00040112,0.15534856,0.23131746,0.0,0.22821969,0.04580004,0.20324642,0.2191032,-0.15672806,-0.12372451,0.20310673,0.19722876,-0.85900657,0.29228487,0.19493876,0.20324375,0.00546419,0.17107604,2.48187117,5.32040643,4.97199066,0.1611901,-0.04480918,-0.69212708,-0.03863135,0.13278255,0.17107817,0.02125283,2019-09-30,2019-11-14,1230.0683,3.5897,4.4177,1230.0683,0.2195,3.602,,91.4894,90.7946,-0.03781325,0.44454728,0.45009027,-0.03781325,0.03929924,0.44949698,,0.00401212,-0.00847109,-0.00712116
sh600519,22.4899,32.8,108.2714,15.09721,17.051783,16.3591,0.3027,41406909012.08,30.2966,35.99,33.09,88854337488.76,41206471014.43,1.0945,92.2564,51.4693,8.5589,14.015026,2.689027,2.0293,10872688093.12,8.2303,14.2455,8.17,25345674442.06,10751615628.99,47.1841,-0.15290045,0.17059243,0.2053526,-0.42870512,-0.43163919,-0.46735758,-0.19516086,0.1635912,-0.0288991,0.0924334,-0.03975624,0.1509721,0.17051783,0.0,0.20743861,0.00189793,0.02359596,0.05548704,-0.84281881,-0.87410509,0.03521985,-0.05968444,4.54299611,-0.0619977,0.13474638,0.02359005,-0.09774245,0.02689959,-0.58918606,-0.9434592,-0.95884683,0.02029343,-0.15414894,0.35940721,-0.14270724,0.14015026,0.02689027,-0.10322984,2019-12-31,2020-04-29,1181.8779,0.3599,3.8698,1181.8779,0.3046,3.2163,,91.3028,90.8384,-0.06007878,-0.86487704,0.1912575,-0.06007878,0.06391897,0.20754646,,0.00176428,0.00048241,-0.00381636
sh600519,14.2546,10.42,118.6947,12.535146,16.685384,16.4001,0.1736,13155216731.0,8.7816,1.8334,9.18,25298492025.94,13093770211.16,1.0945,102.6798,56.8024,10.4233,12.535146,16.685384,16.4001,13155216731.0,9.1849,1.8334,9.18,25298492025.94,13093770211.16,56.8024,-0.25435733,0.1668533,0.20189132,-0.43556407,-0.47710549,-0.49989022,-0.29545455,0.16400112,-0.02915326,0.93662195,-0.03062302,0.12535146,0.16685384,0.0,0.20319055,0.0317729,0.21783173,-0.10559238,5.20498939,7.08165377,0.20993232,0.11598605,-0.87129971,0.12362301,-0.00186156,0.21784211,0.20384621,0.16684391,-0.43556407,-0.47710549,-0.49989022,0.16400112,-0.03048439,0.93662195,-0.03062302,0.12535146,0.16685384,0.0317729,2020-03-31,2020-05-15,1119.403,0.8176,6.1169,1119.403,0.0804,5.0822,,91.6722,91.6722,-0.10696517,-0.77818172,0.35608664,-0.10696517,0.11977716,0.378822,,-0.00476706,0.00917894,-0.00476706
sh600519,17.236,17.99,109.2396,10.83653,13.28568,13.1857,0.2163,22672726309.64,16.4703,10.047,15.34,45634371275.58,22601655085.51,1.0945,90.3867,54.4392,7.5688,8.793652,8.915542,9.0243,9517509578.64,6.6412,8.2136,6.16,20335879249.64,9507884874.35,51.4886,-0.3747007,0.13287154,0.19582271,-0.35485628,-0.49977087,-0.49498458,-0.45461422,0.13185708,-0.05265792,-0.47602284,-0.05367057,0.1083653,0.1328568,0.0,0.19602475,0.01416763,-0.27385761,-0.29848029,-0.46566756,-0.44974116,-0.27652202,-0.27694368,3.47998255,-0.32897603,-0.19616239,-0.27386194,-0.09354886,0.08916134,-0.19263719,-0.56053853,-0.50941294,0.09024257,-0.09159052,-0.54939159,-0.08605341,0.08793652,0.08915542,-0.01005164,2020-06-30,2020-09-13,1237.1134,0.9019,4.8922,1237.1134,0.1455,3.9704,,91.4628,91.2015,-0.07079035,-0.64884753,0.55941604,-0.07079035,0.07618343,0.54070625,,-0.00439767,-0.0051346,-0.00402751
sh600519,16.474,26.93,118.1759,9.55179,11.072942,11.0299,0.2048,33902100761.01,22.7865,19.9897,23.2,69574876860.53,33827103961.22,1.0945,99.3228,53.3374,8.9361,7.183583,6.870057,6.9181,11229374451.37,7.8588,9.9427,7.86,23940505584.95,11225448875.71,51.2555,-0.15600617,0.1109736,0.18516992,-0.38513817,-0.52130972,-0.50944865,-0.19147256,0.11029854,-0.06281232,-0.08070087,-0.06902087,0.0955179,0.11072942,0.0,0.18334124,0.00273538,0.18064951,-0.18309446,-0.22942913,-0.23339206,0.17986479,0.18334036,0.2105167,0.27597403,0.17725451,0.18064628,-0.00452722,0.06870695,-0.45899646,-0.59842585,-0.57081084,0.06918098,-0.10212849,2.86875486,-0.09758898,0.07183583,0.06870057,-0.01988886,2020-09-30,2020-11-14,1210.2196,0.9562,5.1796,1210.2196,0.2231,4.2546,,91.325,91.0646,-0.01613626,-0.73362677,0.17246531,-0.01613626,0.01640091,0.18117712,,-0.00179693,-0.00150107,0.00297375
sh600519,21.4039,37.17,128.4214,10.285264,13.325127,13.5473,0.2831,47016420742.73,28.9465,41.1313,31.41,97993240501.21,46697285429.81,1.0945,109.5324,52.1763,10.2453,12.123131,19.704628,20.6171,13114319981.72,8.3094,21.1416,8.21,28418363640.68,12870181468.59,49.359,-0.04828834,0.13323171,0.1861064,-0.31873081,-0.21854934,-0.17187987,-0.06475058,0.13547284,-0.04456276,0.14285357,-0.05077063,0.10285264,0.13325127,0.0,0.18726072,0.01373634,0.14650687,0.68761619,1.86818989,1.98016797,0.16785846,0.057337,1.12634395,0.04452926,0.18704108,0.1465182,-0.03700091,0.19703467,-0.13499047,6.32779106,9.15971024,0.2061709,0.00961083,0.48408971,0.00489596,0.12123131,0.19704628,0.04609392,2020-12-31,2021-04-30,1195.6161,0.8245,4.0648,1195.6161,0.3011,3.4124,,91.4092,91.6135,0.01162404,1.29091414,0.0503902,0.01162404,-0.01149048,0.06097068,,0.00116535,0.00602759,0.00853274
sh600519,15.2071,11.11,139.5276,10.934421,6.573293,6.1895,0.1867,13969463370.71,7.9615,-1.1821,8.29,28064735731.77,13954462085.61,1.0945,120.6409,54.1678,11.1085,10.934421,6.573293,6.1895,13969463370.71,8.2915,-1.1821,8.29,28064735731.77,13954462085.61,54.1678,0.06682054,0.06621881,0.17551668,-0.12769895,-0.60604485,-0.62259376,0.07546083,0.06189534,-0.09338845,-1.64475837,-0.09694989,0.10934421,0.06573293,0.0,0.1749234,-0.04638184,0.08425327,-0.09805305,-0.66640867,-0.69978804,0.06520684,-0.00215419,-1.05591346,0.00974421,-0.01244364,0.0842475,0.09742499,0.06573734,-0.12769895,-0.60604485,-0.62259376,0.06189534,-0.09726834,-1.64475837,-0.09694989,0.10934421,0.06573293,-0.04638184,2021-03-31,2021-05-15,1159.7938,1.6076,5.7487,1159.7938,0.0776,4.8009,,91.6763,91.6763,0.03608245,0.96624266,-0.06019389,0.03608245,-0.03482587,-0.05535005,,4.472e-05,0.00068549,4.472e-05
sh600519,21.2828,19.63,128.7518,11.147763,9.080443,8.717,0.2801,24649117714.43,15.2432,17.2898,14.2,50721582926.18,24653985551.58,1.0945,106.5797,53.3879,8.5174,11.413167,12.533162,12.2106,10679654343.72,6.3496,18.4719,5.91,22656847194.41,10699523465.97,52.4131,0.23478765,0.09116176,0.17861838,0.02872073,-0.31652403,-0.33890503,0.2949607,0.08717043,-0.0745038,0.72089181,-0.07431551,0.11147763,0.09080443,0.0,0.17915246,-0.01931145,-0.23325381,0.04378339,0.90667935,0.97279263,-0.23550003,-0.2342037,16.62634295,-0.28709288,-0.19269337,-0.23325432,-0.03239378,0.1253303,0.29788704,0.40576557,0.35308002,0.12210597,-0.04390773,1.24894078,-0.04058442,0.11413167,0.12533162,0.01795543,2021-06-30,2021-09-13,1265.8228,1.2362,4.0522,1265.8228,0.1422,3.3481,,91.3784,91.0061,0.02320677,0.37066194,-0.17170189,0.02320677,-0.02268041,-0.15673484,,-0.00092278,-0.0073105,-0.00214251
sh600519,19.5313,29.67,138.7906,10.748532,10.166611,10.1909,0.2517,37357031229.83,21.3745,29.2568,21.68,77053154965.96,37266174159.97,1.0945,116.6196,53.0196,10.04,9.987535,12.353535,13.1667,12707913515.4,7.5053,11.967,7.48,26331572039.78,12612188608.39,52.3119,0.18558334,0.10174527,0.17444081,0.12528981,-0.08185097,-0.07606597,0.22900391,0.10190904,-0.06196652,0.46359375,-0.06551724,0.10748532,0.10166611,0.0,0.17414733,-0.0059583,0.17876347,-0.12491117,-0.01433214,0.07830082,0.18991805,0.18201147,-0.35215111,0.26565144,0.16219048,0.17876171,-0.00193082,0.12353264,0.39032778,0.79817067,0.90322487,0.13166709,-0.04498142,0.20359661,-0.04834606,0.09987535,0.12353535,0.02061047,2021-09-30,2021-11-14,1216.7643,1.1806,4.4324,1216.7643,0.2219,3.7089,,91.1914,90.8322,0.00540786,0.23467894,-0.14425824,0.00540786,-0.00537875,-0.12826118,,-0.00146291,-0.00191086,-0.00255203
sh600519,22.8127,41.76,150.8834,11.705948,12.340886,11.8356,0.3071,52581102656.24,27.6777,50.9702,29.9,109464278563.89,52460144378.16,1.0945,127.9391,52.4724,12.0952,14.049929,18.055602,16.0874,15224071426.41,8.3509,21.7134,8.22,32411123597.93,15193970218.19,51.1779,0.06581978,0.12348668,0.17490854,0.1381281,-0.07386354,-0.1263499,0.0847757,0.11835614,-0.04383259,0.23920712,-0.04807386,0.11705948,0.12340886,0.0,0.16804799,0.00567499,0.2047012,0.40674641,0.46157371,0.22182475,0.19799929,0.11266705,0.81443971,0.09893048,0.23088449,0.20470528,-0.02167767,0.18056084,0.15893567,-0.08368724,-0.21970597,0.16087387,0.00499434,0.0270462,0.00121803,0.14049929,0.18055602,0.03685042,2021-12-31,2022-04-30,1247.4012,0.8952,3.8119,1247.4012,0.2886,3.2274,,91.5403,92.3658,0.04331248,0.08574894,-0.06221708,0.04331248,-0.04151445,-0.05421404,,0.00143421,0.01688388,0.00821167
sh600519,14.482,13.73,164.6102,18.252174,23.580318,23.434,0.176,17243064446.83,8.3396,-5.4737,8.7,33187160227.05,17244968587.32,1.0945,141.667,55.5866,13.7279,18.252174,23.580318,23.434,17243064446.83,8.7025,-5.4737,8.7,33187160227.05,17244968587.32,55.5866,-0.04768168,0.23582358,0.17976802,0.6692401,2.58729148,2.78608934,-0.05731119,0.23433979,0.04749105,-3.63048811,0.04945718,0.18252174,0.23580318,0.0,0.17428666,0.02619268,0.13498743,0.29909368,0.30598348,0.45666795,0.13261847,0.04210325,-1.25208857,0.05839416,0.02394353,0.13498765,0.08614461,0.23580141,0.6692401,2.58729148,2.78608934,0.23433979,0.04956884,-3.63048811,0.04945718,0.18252174,0.23580318,0.02619268,2022-03-31,2022-05-15,1226.158,1.5626,5.9767,1226.158,0.0734,5.031,,92.3677,92.3677,0.05722069,-0.02799204,0.03966114,0.05722069,-0.05412371,0.04792851,,0.00754175,2.057e-05,0.00754175
sh600519,17.2578,23.72,152.9242,17.195709,20.848242,20.746,0.2155,29762821731.41,15.5093,-0.0089,14.57,59443518511.24,29793908077.83,1.0945,125.3397,53.9866,9.9896,15.887078,17.285032,17.23,12519757284.58,6.292,5.4648,5.87,26256358284.19,12548939490.51,51.9458,-0.18911985,0.20835456,0.18774417,0.54252553,1.29594988,1.37994723,-0.23063192,0.20745992,0.01745696,-1.00051475,0.02605634,0.17195709,0.20848242,0.0,0.17601851,0.01121415,-0.27231405,-0.12957887,-0.26697206,-0.26474354,-0.27392504,-0.27698937,1.99837404,-0.32528736,-0.20883986,-0.272313,-0.0654978,0.17284617,0.39199558,0.37914375,0.41106907,0.17229986,-0.00907144,-0.70415604,-0.00676819,0.15887078,0.17285032,-0.00891571,2022-06-30,2022-09-13,1352.3666,1.416,4.948,1352.3666,0.1331,4.0919,,92.1091,91.7793,0.0683696,0.14544572,0.2210651,0.0683696,-0.06399437,0.22215585,,0.00799642,-0.00637019,0.00849613
sh600519,13.8484,35.34,164.5511,16.5246,19.142403,18.835,0.166,44393231516.91,21.4794,7.4871,21.91,89785880318.36,44399815583.54,1.0945,136.9667,53.1366,11.6271,15.231866,15.807874,15.1283,14630409785.5,7.3247,7.496,7.34,30342361807.12,14605907505.71,51.479,-0.29096374,0.19110212,0.18560695,0.53738204,0.88286962,0.84821753,-0.3404847,0.18835009,0.00490772,-0.74409026,0.01060886,0.165246,0.19142403,0.0,0.1744741,0.00220673,0.16392048,-0.04124182,-0.08545879,-0.12197911,0.16858574,0.16412905,0.37168789,0.25042589,0.15561958,0.16391569,-0.00898629,0.15807769,0.52508762,0.27962352,0.1489819,0.15128339,-0.024063,-0.37361076,-0.01871658,0.15231866,0.15807874,-0.01592181,2022-09-30,2022-11-14,1306.8732,1.716,6.1942,1306.8732,0.2066,5.1424,,91.8744,91.4166,0.07405617,0.45349822,0.39748218,0.07405617,-0.06894998,0.38650274,,0.00748974,-0.00395187,0.00643384
sh600519,19.421,49.93,157.2258,16.525647,19.552602,19.4191,0.2501,62791872697.72,31.7541,29.214,30.26,127553959355.97,62717467870.12,1.0945,128.4049,52.6795,14.581,16.528139,20.558695,20.8523,18398641180.81,9.0628,21.7269,8.35,37768079037.61,18317652286.58,51.6008,-0.14867596,0.19564176,0.04203511,0.41173077,0.58437587,0.64073642,-0.18560729,0.19419087,0.14728102,-0.42684157,0.01204013,0.16525647,0.19552602,0.0,0.00364079,0.00394684,0.25405303,0.08510271,0.3005351,0.37836373,0.25756158,0.23729299,1.89846585,0.13760218,0.24473102,0.25412627,0.00236601,0.20551954,0.17638594,0.13863249,0.29618832,0.20852305,0.0852483,0.00062174,0.01581509,0.16528139,0.20558695,0.00826333,2022-12-31,2023-04-30,1288.075,1.1909,4.4147,1288.0143,0.2795,3.5586,0.0607,91.8667,91.8484,0.03260683,0.33031725,0.15813636,0.03255817,-0.03153153,0.10262131,,0.00356564,0.00472343,-0.00560164
sh600519,12.3562,16.55,173.759,18.658245,20.585217,20.5034,0.1463,20778475545.61,9.5269,4.1751,10.0,39379301807.75,20794882754.55,1.0945,144.9397,55.5393,16.5538,18.658245,20.585217,20.5034,20778475545.61,10.0028,4.1751,10.0,39379301807.75,20794882754.55,55.5393,-0.14678912,0.20538966,0.05557857,0.02224782,-0.12701699,-0.12505761,-0.16875,0.2050338,0.14236894,1.76275645,0.14942529,0.18658245,0.20585217,0.0,0.02310136,-0.00085092,0.13529936,0.12887755,0.00129006,-0.01673197,0.12934838,0.1037207,-0.80783729,0.19760479,0.04266097,0.13523733,0.07632634,0.20585086,0.02224782,-0.12701699,-0.12505761,0.2050338,0.14941683,1.76275645,0.14942529,0.18658245,0.20585217,-0.00085092,2023-03-31,2023-05-15,1236.3558,2.3082,6.9427,1236.2637,0.0728,5.6628,0.0921,92.5956,92.5956,0.00831687,0.47715346,0.16162765,0.00824176,-0.00817439,0.1255814,,0.00246731,0.00813514,0.00246731
sh600519,13.3925,28.64,159.9399,19.41959,20.764335,20.7797,0.161,35947449205.45,17.9082,24.1898,16.7,70987206095.38,35980415090.77,1.0945,129.9407,53.6564,12.0885,20.381905,21.010483,21.1603,15168973659.84,7.2451,20.0147,6.7,31607904287.63,15185532336.22,51.2886,-0.22397409,0.2074199,0.04587698,0.12932767,-0.00402466,0.00162441,-0.25290023,0.20779708,0.15467494,2718.95505618,0.1461908,0.1941959,0.20764335,0.0,0.03670824,-0.00611633,-0.26974471,0.09238061,0.02065881,0.03203859,-0.26996696,-0.27569281,3.7938253,-0.33,-0.19734727,-0.26974667,-0.07653499,0.21010851,0.28292346,0.21553047,0.22810795,0.21160285,0.15147807,2.66247621,0.14139693,0.20381905,0.21010483,-0.01265165,2023-06-30,2023-09-13,1257.0524,2.216,6.3536,1256.9832,0.1432,5.07,0.0692,91.7981,90.7952,-0.07047956,0.56497175,0.28407437,-0.07053073,0.07588279,0.23903321,,-0.00337643,-0.01944369,-0.01072246
sh600519,14.14,42.09,173.3872,17.296729,19.091074,18.9723,0.1701,52815640756.86,24.2765,39.8042,24.82,105315900448.1,52876217064.12,1.0945,143.3907,53.0919,13.45,13.137845,15.677865,15.2954,16868191551.41,8.0701,15.6144,8.12,34328694352.72,16895801973.35,51.9264,0.02105658,0.1910017,0.05369821,0.04672603,-0.00268143,0.00728962,0.0246988,0.18972282,0.13022245,4.31637082,0.13281607,0.17296729,0.19091074,0.0,0.04690191,-0.00084123,0.1126277,-0.35541624,-0.25380749,-0.27716526,0.11201931,0.11387006,-0.21985341,0.2119403,0.08607942,0.11262494,0.01243551,0.15678028,-0.13747633,-0.00822432,0.01104552,0.15295414,0.10176526,1.08303095,0.10626703,0.13137845,0.15677865,0.00869092,2023-09-30,2023-11-14,1258.3536,2.0278,5.9588,1258.1547,0.2146,4.8366,0.1989,91.7075,91.5204,-0.03712648,0.18170163,-0.03800329,-0.03727867,0.03872217,-0.0594664,,-0.00181661,0.00798721,0.00113546
sh600519,17.9843,59.49,171.6836,18.036579,19.159899,19.0462,0.2274,74752564425.52,34.6523,53.0118,34.19,150560330316.45,74734071550.75,1.0945,137.7038,52.488,17.4,19.795423,19.326725,19.2246,21936923668.66,10.0849,13.2076,9.37,45244429868.35,21857854486.63,51.0842,-0.07397662,0.19146806,0.09195565,0.09142952,-0.02008444,-0.01920274,-0.09076369,0.19048153,0.0912701,0.81460259,0.12987442,0.18036579,0.19159899,0.0,0.07241858,-0.00363519,0.2936803,0.5067481,0.2327396,0.25688769,0.30049055,0.24966233,-0.15413977,0.15394089,0.31797701,0.29368553,-0.01621911,0.19333379,0.19768009,-0.05992452,-0.07805854,0.19231216,0.11277971,-0.3921084,0.12215569,0.19795423,0.19326725,-0.01001147,2023-12-31,2024-04-29,1293.2025,1.4287,4.6239,1293.1034,0.2784,3.6682,0.0991,91.9649,92.5634,0.00398075,0.19968091,0.04738714,0.00395112,-0.0039356,0.03079863,0.63261944,0.00106894,0.01139637,0.00778457
sh600519,12.9543,19.16,190.8392,18.043581,15.726848,15.7519,0.1543,24051471185.69,10.0384,7.3137,10.57,46484738134.23,24065262374.15,1.0945,156.861,54.3573,19.1572,18.043581,15.726848,15.7519,24051471185.69,10.5688,7.3137,10.57,46484738134.23,24065262374.15,54.3573,0.04840485,0.15770393,0.09829822,-0.03294329,-0.23601252,-0.23174205,0.05468216,0.15751856,0.05369008,0.75174247,0.057,0.18043581,0.15726848,0.0,0.08225007,-0.02128223,0.10098851,-0.08849733,-0.1862642,-0.18063835,0.09639216,0.04798263,-0.44625064,0.1280683,0.0274135,0.10098923,0.06407265,0.15726903,-0.03294329,-0.23601252,-0.23174205,0.15751856,0.05658416,0.75174247,0.057,0.18043581,0.15726848,-0.02128223,2024-03-31,2024-05-15,1241.5105,2.1364,6.481,1241.3793,0.0725,5.199,0.1312,92.6133,92.6133,0.00416927,-0.07443029,-0.06650151,0.00413795,-0.00412088,-0.08190295,0.42453855,0.00019115,0.00053909,0.00019115
sh600519,18.3242,33.19,173.9978,17.558035,15.884186,15.9195,0.2341,41670097819.99,19.0761,29.1529,17.63,83451164646.53,41695610983.37,1.0945,138.3314,52.6991,14.0347,16.953108,16.099642,16.1491,17618626634.3,7.6937,21.8392,7.06,36966426512.3,17630348609.22,50.5997,0.36824342,0.15886872,0.08789489,-0.09585964,-0.23502554,-0.23389173,0.45403727,0.15919485,0.06521593,0.20517325,0.05568862,0.17558035,0.15884186,0.0,0.0645733,-0.0178413,-0.26739294,-0.06043551,0.0237043,0.02521601,-0.26746158,-0.27203656,1.98606724,-0.3320719,-0.20476208,-0.26739429,-0.06912779,0.16099599,-0.1682275,-0.23373289,-0.23682084,0.16149102,0.06191771,0.091158,0.05373134,0.16953108,0.16099642,-0.01343183,2024-06-30,2024-09-13,1256.1739,1.2017,4.5714,1256.1061,0.1433,3.6266,0.0678,91.7603,90.6803,-0.00069886,-0.45771661,-0.28050239,-0.00069778,0.00069832,-0.28469428,-0.02023121,-0.00041177,-0.02087173,-0.00126549
sh600519,13.6285,48.42,189.2293,16.907838,15.03764,15.077,0.1644,60778641454.76,25.589,35.3618,26.09,123122542625.45,60827552118.51,1.0945,153.5615,52.1887,15.23,15.563317,13.23488,13.2815,19108543634.77,8.386,6.2089,8.46,39671377978.92,19131941135.14,51.112,-0.03617397,0.15039202,0.09136834,-0.0224835,-0.2123209,-0.20531512,-0.0335097,0.15076975,0.05406463,-0.11160631,0.05116841,0.16907838,0.1503764,0.0,0.07093068,-0.01701201,0.08516748,-0.08197854,-0.17793948,-0.17757027,0.08456488,0.08998271,-0.71569929,0.19830028,0.07317319,0.08517089,0.01012457,0.13234201,0.18461719,-0.15582383,-0.13166704,0.13281519,0.0391445,-0.60236064,0.04187192,0.15563317,0.1323488,-0.01568374,2024-09-30,2024-11-14,1249.5004,1.5884,6.1569,1249.4216,0.2161,4.906,0.0788,91.5314,91.0486,-0.00703554,-0.21668804,0.03324495,-0.0069412,0.00698975,0.01434892,-0.60382102,-0.00192024,0.00406152,-0.00515513
sh600519,19.0448,68.64,185.5647,15.66398,15.379966,15.3685,0.2442,86240905977.42,36.991,73.606,36.02,174144069958.25,86228146421.62,1.0945,145.5085,52.2734,20.2202,12.768638,16.208086,16.0704,25462264522.66,10.79,38.2442,9.93,51021527332.8,25400594303.11,52.4774,0.0589681,0.15380736,0.0808528,-0.13154374,-0.19728356,-0.19309364,0.07387863,0.15368492,0.06749047,0.38848332,0.05352442,0.1566398,0.15379966,0.0,0.05667745,-0.00408855,0.32765594,-0.17956834,0.22464926,0.20998381,0.33250681,0.28666826,5.15957738,0.17375887,0.28610424,0.3276538,0.02671388,0.16208046,-0.35497019,-0.16136407,-0.16407103,0.16070352,0.06991641,1.8956207,0.05976521,0.12768638,0.16208086,0.02727262,2024-12-31,2025-04-30,1315.3923,1.0896,4.4541,1315.3087,0.2737,3.4678,0.0836,91.9312,92.8947,0.0171588,-0.23734864,-0.03672225,0.0171721,-0.01688218,-0.0546317,-0.15640767,-0.00036644,0.02027598,0.00357917
sh600519,14.143,21.38,205.6665,10.667399,11.561112,11.6351,0.171,26849883702.9,10.3916,7.0126,10.92,51443450583.77,26847474238.76,1.0945,166.8805,54.8895,21.372,10.667399,11.561112,11.6351,26849883702.9,10.9255,7.0126,10.92,51443450583.77,26847474238.76,54.8895,0.09176104,0.11586639,0.07769525,-0.40879812,-0.26488054,-0.2613526,0.10823072,0.11635099,0.03518489,-0.04116931,0.03311258,0.10667399,0.11561112,0.0,0.06387502,0.00979077,0.05696284,-0.1645625,-0.28670714,-0.27599189,0.05449708,0.01255792,-0.81663625,0.09969789,0.00826951,0.05696244,0.04596455,0.11561188,-0.40879812,-0.26488054,-0.2613526,0.11635099,0.03375028,-0.04116931,0.03311258,0.10667399,0.11561112,0.00979077,2025-03-31,2025-05-15,1209.7078,1.2398,6.0749,1209.6774,0.0744,4.7846,0.0304,91.9736,91.9736,-0.02561613,-0.41967796,-0.06266008,-0.02553764,0.0262069,-0.07970764,-0.76829268,-0.00690722,-0.00991553,-0.00690722
sh600519,14.7549,36.18,189.9753,9.158168,8.891467,8.9276,0.1807,45390247623.82,19.0252,10.4435,17.89,91093762553.97,45402962298.1,1.0945,152.5645,52.5641,14.7712,7.260332,5.247426,5.2316,18540363920.92,7.4669,3.4309,6.97,39650311970.2,18555488059.34,49.5304,-0.19478613,0.09008738,0.09182587,-0.47840587,-0.4402315,-0.43920349,-0.22810765,0.08927624,-0.00266826,-0.64176806,0.01474759,0.09158168,0.08891467,0.0,0.10289132,-0.00256171,-0.3088527,-0.3193906,-0.54611408,-0.55036055,-0.30948066,-0.31656217,-0.51075207,-0.36172161,-0.2292447,-0.30885535,-0.09763434,0.05247707,-0.57174036,-0.67406567,-0.67604387,0.05231607,-0.02947866,-0.84290175,-0.01274788,0.07260332,0.05247426,-0.02113254,2025-06-30,2025-09-13,1264.9905,1.2732,5.7297,1264.9332,0.1423,4.4277,0.0573,91.2993,90.4197,0.00701861,0.05949904,0.25337971,0.00702735,-0.00697837,0.2208956,-0.15486726,-0.00502396,-0.01689507,-0.00287383
sh600519,12.8088,51.53,205.2831,6.320002,6.245845,6.42,0.1518,64680616431.2,25.1398,30.502,24.64,130903889634.88,64626746712.18,1.098,168.3942,52.0801,15.3511,0.349746,0.480052,0.9515,19290368807.38,7.756,20.0585,6.75,39810127080.91,19223784414.08,50.9726,-0.06014602,0.06422966,0.08483781,-0.62620874,-0.58465258,-0.57418585,-0.07664234,0.06419977,-0.01755442,-0.13743079,-0.05557685,0.06320002,0.06245845,0.00319781,0.09659127,-0.00208091,0.03925883,-0.95182782,-0.90851667,-0.81812447,0.04045254,0.03871754,4.84642514,-0.03156385,0.00403061,0.0360161,0.02911747,0.00795141,-0.97752754,-0.96372827,-0.928359,0.00951539,-0.07512521,2.23060445,-0.20212766,0.00349746,0.00480052,-0.00272734,2025-09-30,2025-11-14,1330.0961,1.472,6.6193,1330.0493,0.203,5.0555,0.0468,91.2934,91.2798,0.06450234,-0.07328129,0.07510273,0.06453202,-0.06062008,0.03047289,-0.40609137,-0.0026002,0.00951231,0.0025393
sh600519,16.4154,65.66,195.3554,-1.200097,-4.532255,-4.5776,0.2039,82293107655.25,33.6498,49.1285,32.53,172054171890.91,82320067101.68,0.0013,153.2458,50.5279,14.129,-19.347216,-30.342888,-30.829,17612491224.05,7.0532,18.6265,7.89,41150282256.03,17693320389.5,45.5907,-0.13806393,-0.04341492,0.05276165,-1.07661507,-1.29468563,-1.297856,-0.16502867,-0.0457764,-0.09032467,-0.33254762,-0.09689062,-0.01200097,-0.04532255,-0.99881224,0.05317421,-0.03339174,-0.07960993,-56.31790499,-64.20750252,-33.40042039,-0.08698007,-0.09061372,-0.07139118,0.16888889,0.03366367,-0.07961305,-0.10558418,-0.30124331,-2.51521376,-2.87208335,-2.91837166,-0.30829046,-0.34632067,-0.51295883,-0.20543807,-0.19347216,-0.30342888,-0.13123173,2025-12-31,2026-04-30,1399.168,1.0427,5.09,1399.145,0.2573,3.309,0.023,91.1796,90.8175,0.06368876,-0.04304332,0.14276734,0.06373888,-0.05991962,-0.04579272,-0.72488038,-0.00817568,-0.00506465,-0.0223608
sh600519,12.1227,21.76,216.3223,6.336009,1.471418,1.4529,0.1432,27239985194.41,10.0565,21.4889,10.57,54702912385.23,27242512886.45,0.0013,175.0003,52.2245,21.7545,6.336009,1.471418,1.4529,27239985194.41,10.5687,21.4889,10.57,54702912385.23,27242512886.45,52.2245,-0.14284805,0.01777362,0.05181106,-0.40603994,-0.87272695,-0.87512785,-0.1625731,0.01452898,-0.0322472,2.06432707,-0.03205128,0.06336009,0.01471418,-0.99881224,0.04865637,-0.04855209,0.53970557,1.32748944,1.04849301,1.0471277,0.54662874,0.49842625,0.15367353,0.33967047,0.32934477,0.53970607,0.14550775,0.01789725,-0.40603994,-0.87272695,-0.87512785,0.01452898,-0.03265754,2.06432707,-0.03205128,0.06336009,0.01471418,-0.04855209,2026-03-31,2026-05-15,995.6044,1.2711,7.0607,995.5752,0.0904,5.4299,0.0292,89.7592,89.7592,-0.1769877,0.02524601,0.16227428,-0.17699115,0.21505376,0.13487021,-0.03947368,-0.02407647,-0.01165304,-0.02407647
sz300750,82.7241,0.7755,0.89,557.934311,1609.937581,6619.4675,5.7229,880095700.0,74.234,0.47,130.37,5702884874.34,930646375.1,0.7842,0.7996,16.6684,,,,,,,,,,,,-0.06350888,,-0.30706945,,,,-0.42114579,66.1946754,2.5037523,1.67674586,4.49620573,5.57934311,16.09937581,,2.21511862,1.60025272,,,,,,,,,,,,,,,,,,,,,,,2015-12-31,2016-04-29,156.9213,0.7785,1.029,69.6338,5.1699,0.7785,87.2875,38.6415,,-0.52283643,0.58038977,-0.49097205,-0.6010176,1.50637514,0.58038977,-0.43442542,0.5015913,,
sz300750,44.7637,1.8736,8.42,160.902779,206.434484,216.6078,0.8262,2786451300.0,18.4123,1.15,69.55,14878985098.12,2851821419.26,18.9273,4.8349,19.6145,,,,,,,,,,,,-0.45887958,1.41598968,8.46067416,-0.71160982,-0.87177485,-0.96727716,-0.85563263,2.16607762,-0.75196945,1.44680851,-0.46651837,1.60902779,2.06434484,23.13580719,5.04664832,0.17674762,,,,,,,,,,,,,,,,,,,,,,,2016-12-31,2017-04-30,169.0677,1.0345,2.1371,51.6011,6.9766,1.035,117.4666,43.7004,,0.07740441,0.32883751,1.07687075,-0.25896476,0.34946517,0.32947977,0.34574366,0.13091883,,
sz300750,,-0.0189,,,,,,-129323000.0,,,-0.07,1454385691.84,-11687915.1,,,1.1342,,,,,-129323000.0,,,-0.07,1454385691.84,-11687915.1,1.1342,,,,,,,,,,,,,,,,,,,,,,,,,,,,,,,,,,,,,,,2017-03-31,2017-05-15,,,,,,,,37.7566,37.7566,,,,,,,,,,
sz300750,43.3657,0.9499,11.58,,,,0.7833,556443000.0,8.2041,-0.32,10.79,6294695149.0,1811112197.17,7.7094,2.5534,32.1023,0.9557,,,,685766000.0,8.2557,,10.86,4840309457.16,1822800112.27,41.4074,,,,,,,,,,,,,,,,,,,,,6.30273811,,,156.14285714,2.3280783,156.95596791,35.50802328,,,,,,,,,,,,2017-06-30,2017-09-13,312.0283,0.7599,1.8576,121.5723,1.4806,0.7599,190.456,37.4934,37.4143,,,,,,,,,-0.00906596,
sz300750,,1.33,,,,,,,,,,11970899899.45,2570510205.15,,,23.6514,,,,,,,,,5676204750.45,759398007.98,15.087,,,,,,,,,,,,,,,,,,,,,,,,,0.1726946,-0.58338931,-0.63564484,,,,,,,,,,,,2017-09-30,2017-11-14,,,,,,,,35.6969,33.7046,,,,,,,,,-0.09915193,
sz300750,46.6981,2.0084,12.63,34.396672,35.981687,-14.7418,0.9389,2375677800.0,15.6993,1.2,18.99,19996860806.33,3877954869.7,7.8532,3.327,20.9736,0.6687,,,,,5.293,,,8025960906.88,1307444664.55,16.9795,0.04321359,0.07194705,0.5,-0.78622699,-0.82569924,-1.06805757,0.13640765,-0.14741815,-0.14734715,0.04347826,-0.72695902,0.34396672,0.35981687,-0.58508609,-0.31187822,0.06929058,,,,,,,,,0.41396607,0.72168567,0.12543912,,,,,,,,,,,,2017-12-31,2018-04-30,195.6268,1.4869,1.8465,67.4992,5.3334,1.4877,128.1276,36.2891,37.1723,0.15709151,0.43731271,-0.13597866,0.30809615,-0.2355302,0.4373913,0.09075771,-0.16959341,0.10288507,
sz300750,43.5814,0.21,12.8569,155.203365,3636.53458,308.0603,0.8291,269069800.0,1.6443,-1.6724,1.66,3711641230.77,413347159.22,7.8634,3.5384,12.643,0.2114,155.203365,3636.53458,308.0603,269069800.0,1.6587,-1.6724,1.66,3711641230.77,413347159.22,12.643,,12.11111111,,,,,,3.08060283,,,24.71428571,1.55203365,36.3653458,,,10.14706401,-0.68386421,,,,,-0.68662384,,,-0.53754556,-0.68385113,-0.25539621,,,,,3.08060283,,,24.71428571,1.55203365,36.3653458,10.14706401,2018-03-31,2018-05-15,301.0769,1.6162,2.0528,135.7876,0.6628,1.6162,165.2893,32.7618,32.7618,,,,,,,,-0.13228945,-0.11865018,-0.13228945
sz300750,40.7975,0.4659,14.1863,48.689975,-49.701941,36.5484,0.734,697243613.26,2.9558,0.4872,3.63,9359580668.12,910954288.0,9.4457,3.4136,11.431,0.2291,16.685503,-72.700949,-33.0919,428173813.26,1.7785,2.1596,1.97,5647939437.35,497607128.78,10.6345,-0.05922192,-0.50952732,0.22506908,,,,-0.06293885,0.2530369,-0.63971673,2.5225,-0.66357739,0.48689975,-0.49701941,0.22521856,0.33688415,-0.64391959,0.08372753,-0.89249265,-1.01999182,-1.1074202,0.5913113,0.07222524,2.29131787,0.18674699,0.52168248,0.20384795,-0.15886261,-0.76028042,,,,-0.37562694,-0.78457308,,-0.81860037,0.16685503,-0.72700949,-0.74317393,2018-06-30,2018-09-13,265.2104,1.8344,2.3487,116.671,1.5428,1.8358,148.5394,31.2836,30.3122,-0.15004376,1.41400184,0.26437339,-0.04031593,0.04201,1.41584419,-0.22008548,-0.16562382,-0.07477001,-0.18982314
sz300750,45.8728,1.1731,14.7157,59.853678,-7.469731,,0.9059,1985086657.45,7.3635,2.5528,8.61,19135923760.37,2378500010.06,9.7186,4.0337,13.8077,0.6686,72.233799,93.251195,,1287843044.19,4.65,2.0656,4.98,9776343092.25,1467545722.06,16.0831,,-0.11796992,,,,,,,,,,0.59853678,-0.07469731,,,-0.41619946,1.91837625,3.32913524,2.28266819,,2.00775761,1.61456283,-0.04352658,1.52791878,0.73095749,1.94920558,0.51235131,,,,,,,,,0.72233799,0.93251195,0.06602373,2018-09-30,2018-11-14,207.6531,1.725,2.0698,89.3566,3.0216,1.7441,118.2965,31.2786,31.2738,,,,,,,,-0.12377265,0.0317232,-0.07212072
sz300750,52.3573,1.6412,15.0059,48.07957,-12.659241,31.6809,1.1744,3128314783.38,10.283,5.1554,11.75,29611265434.22,3387035207.64,9.737,4.3348,12.6165,0.4595,30.518224,-22.862112,,1143228125.93,3.0918,2.6026,3.14,10475341673.85,1008535197.58,10.4403,0.12118694,-0.18283211,0.1881156,0.39779715,-1.35182455,3.14905235,0.25082543,0.31680937,-0.34500264,3.29616667,-0.38125329,0.4807957,-0.12659241,0.23987674,0.30291554,-0.39845806,-0.31274305,-0.5775077,-1.24516696,,-0.11229235,-0.33509677,0.25997289,-0.36947791,0.07149898,-0.31277426,-0.35085276,-0.31284582,,,,,-0.41587002,,,0.30518224,-0.22862112,-0.38512324,2018-12-31,2019-04-30,174.8044,1.4277,1.7343,94.9092,3.7931,1.4442,79.8952,32.7881,35.5457,-0.1064394,-0.03981438,-0.06076361,0.40607889,-0.28880264,-0.02923977,-0.37644036,-0.09647525,0.13659677,-0.04375839
sz300750,56.0068,0.4821,15.5928,168.933742,153.354403,240.3199,1.3762,915698001.82,3.0597,2.2673,3.12,9981855666.38,1047233226.95,9.7732,4.8119,11.1885,0.4771,168.933742,153.354403,240.3199,915698001.82,3.1184,2.2673,3.12,9981855666.38,1047233226.95,11.1885,0.28510787,1.29571429,0.21279624,0.08846701,-0.95782952,-0.21989331,0.65987215,2.40319873,0.86079183,2.35571634,0.87951807,1.68933742,1.53354403,0.24287204,0.35990843,-0.1150439,0.0383025,4.5355037,7.70779686,,-0.19902425,0.0086034,-0.12883271,-0.00636943,-0.0471093,0.03837053,0.07166461,1.25685904,0.08846701,-0.95782952,-0.21989331,2.40319873,0.88002653,2.35571634,0.87951807,1.68933742,1.53354403,-0.1150439,2019-03-31,2019-05-15,157.1766,1.2995,1.568,93.3513,0.9641,1.3164,63.8253,28.7093,28.7093,-0.47795198,-0.19595347,-0.23616524,-0.3125197,0.4545866,-0.18549684,-0.61385704,-0.12369589,-0.19232706,-0.12369589
sz300750,57.6522,0.9674,15.7568,116.503761,130.794802,160.8189,1.4987,1818543358.15,6.0804,3.3158,6.15,20263844170.44,2102435142.7,9.5542,5.152,11.5797,0.4809,82.048491,112.055225,110.8595,902845356.33,3.0673,1.0485,3.03,10281988504.06,1055201915.75,11.9595,0.41313071,1.07641125,0.1107054,1.39276691,3.63158338,3.40016252,1.04182561,1.60818934,1.05710806,5.80582923,0.69421488,1.16503761,1.30794802,0.01148671,0.50925709,0.01300849,0.00796479,-0.51431555,-0.26930546,-0.53870029,-0.0140359,-0.01638661,-0.53755568,-0.02884615,0.03006784,0.00760928,0.06891004,1.09908337,3.91735197,2.54131723,4.35004941,1.10859545,0.72465561,-0.51449342,0.53807107,0.82048491,1.12055225,0.12459448,2019-06-30,2019-09-13,169.6849,1.2132,1.512,105.6462,1.7038,1.2306,64.0387,29.7926,30.8442,-0.36018761,-0.33863934,-0.35623962,-0.09449478,0.10435572,-0.32966554,-0.56887735,-0.04766076,0.07436266,0.01755069
sz300750,57.9598,1.6002,16.7288,71.696475,45.650841,49.3409,1.511,2964546574.54,9.3772,4.6753,9.87,32855706536.08,3464305267.56,9.7455,5.7361,11.4446,0.6167,28.799309,-7.200838,-11.0138,1146003216.39,3.8083,1.3595,3.72,12591862365.64,1361870124.86,11.2273,0.26348948,0.36407808,0.13679947,0.19786248,7.11144377,,0.66795452,0.49340915,0.2734705,0.83143999,0.14634146,0.71696475,0.45650841,0.00276789,0.42204428,-0.17114364,0.28238719,-0.64899648,-1.06426151,-1.09934918,0.26932393,0.24158054,0.29661421,0.22772277,0.22465245,0.29062514,-0.0612233,-0.07762489,-0.60130425,-1.07721979,,-0.11013751,-0.18101075,-0.34183772,-0.25301205,0.28799309,-0.07200838,-0.30191941,2019-09-30,2019-11-14,164.3982,1.2235,1.5659,98.9627,2.7283,1.2574,65.4355,29.0796,27.9322,-0.20830366,-0.29072464,-0.24345347,0.10750297,-0.09706778,-0.2790551,-0.44685177,-0.07030366,-0.09440997,-0.10684982
sz300750,58.3749,2.0937,17.2682,54.630408,34.640095,25.1543,1.5514,3915220693.53,11.9583,6.1003,12.78,45788020642.41,4560307432.71,9.7946,6.1823,10.9476,0.4963,23.454819,8.672674,-16.843,950674118.99,2.9196,1.425,2.91,12932314106.33,1096002165.15,9.6847,0.11493335,0.27571289,0.1507607,0.13624993,3.73634849,-0.20601056,0.32101499,0.25154307,0.16291938,0.18328355,0.08765957,0.54630408,0.34640095,0.00591558,0.4262019,-0.13227916,-0.19523269,-0.18557702,2.20439788,-0.52926329,-0.17044376,-0.23335872,0.04817948,-0.21774194,0.02703744,-0.1952227,-0.13739724,0.08008705,-0.23144876,1.37934702,,-0.16843008,-0.05569571,-0.45247061,-0.07324841,0.23454819,0.08672674,-0.0723734,2019-12-31,2020-04-29,160.0817,1.2326,1.572,102.8307,3.5009,1.2723,57.251,29.0584,29.0045,-0.08422385,-0.13665336,-0.09358243,0.08346398,-0.07703462,-0.11902784,-0.28342379,-0.11375164,0.03838939,-0.18402226
sz300750,57.3682,0.3406,17.5578,-9.527904,-29.14251,-53.2383,1.5008,428196075.68,1.9137,1.4249,1.93,9030794052.46,742043183.2,9.8218,6.4856,10.0214,0.336,-9.527904,-29.14251,-53.2383,428196075.68,1.9296,1.4249,1.93,9030794052.46,742043183.2,10.0214,0.02430776,-0.29350757,0.1260197,-1.05640024,-1.19003374,-1.22153097,0.09053917,-0.53238287,-0.37454652,-0.37154325,-0.38141026,-0.09527904,-0.2914251,0.00497278,0.34782518,-0.10431246,-0.32299013,-1.40622373,-4.36026812,-2.16085614,-0.5495869,-0.33908755,-7.018e-05,-0.33676976,-0.3016877,-0.32295464,0.03476618,-0.29574513,-1.05640024,-1.19003374,-1.22153097,-0.53238287,-0.38122114,-0.37154325,-0.38141026,-0.09527904,-0.2914251,-0.10431246,2020-03-31,2020-05-15,224.8225,1.4601,1.7989,144.1846,0.6242,1.4874,80.6379,25.0911,25.0911,0.43038149,0.12358599,0.14725765,0.54453768,-0.35255679,0.12989973,0.26341592,-0.12602885,-0.13492389,-0.12602885
sz300750,55.2648,0.8833,17.9751,-7.078573,-7.85537,-24.3,1.3935,1376637024.44,4.8831,2.6399,4.97,18829453132.97,1937281090.5,9.8386,6.8108,11.386,0.5415,-4.700739,13.271014,5.0502,948440948.76,3.0472,1.215,3.04,9798659080.51,1195237907.3,12.6436,-0.04141039,-0.08693405,0.14078366,-1.06075832,-1.06005873,-1.15110164,-0.07019417,-0.24300016,-0.19691139,-0.20384221,-0.19186992,-0.07078573,-0.0785537,0.02976701,0.32197205,-0.01672755,0.61160714,0.50663451,1.45538336,1.09486028,1.2149688,0.5791874,-0.14730858,0.57512953,0.08502741,0.61073902,0.26166005,0.12601372,-1.05729221,-0.8815672,-0.95444504,0.05050211,-0.00655299,0.15879828,0.00330033,-0.04700739,0.13271014,0.05720139,2020-06-30,2020-09-13,212.1677,1.5744,1.9209,135.1656,1.3317,1.6111,77.0021,27.1507,29.0489,0.25036288,0.29772502,0.27043651,0.27941753,-0.21839418,0.30919876,0.20243072,-0.08867638,0.15773721,-0.05820543
sz300750,51.6714,1.5243,26.3391,-4.057821,-3.101061,-13.3961,1.1602,2567413875.39,5.4711,4.4241,7.62,31522480929.97,3356875043.55,17.7154,7.0736,11.6812,0.6094,0.803419,4.238571,3.9069,1190776850.95,2.8103,1.7842,2.65,12693027797.0,1419593953.05,12.1192,-0.10849589,-0.04743157,0.57447635,-1.05659722,-1.06792999,-1.27150093,-0.23216413,-0.13396069,-0.41655292,-0.05372917,-0.22796353,-0.04057821,-0.03101061,0.81780309,0.23317236,0.02067351,0.12539243,1.17091334,-0.68061438,-0.22638707,0.25550974,-0.0777435,0.46847737,-0.12828947,0.29538416,0.18770827,-0.04147553,-0.0118372,-0.97210284,1.58862191,1.35472771,0.03906938,-0.26205919,0.31239426,-0.28763441,0.00803419,0.04238571,0.07944029,2020-09-30,2020-11-14,197.0769,2.1994,2.5095,122.8725,2.1974,2.2278,74.2044,27.4059,27.7845,0.19877772,0.79762975,0.60259276,0.24160416,-0.19459004,0.77175123,0.1340083,-0.05755581,-0.04352661,-0.0052878
sz300750,55.8196,2.4942,27.563,9.896621,22.433384,8.926,1.3616,4264694375.97,8.6958,7.9116,11.27,50319487700.0,5583338700.0,17.8848,8.0022,12.1303,0.9558,45.349136,103.144093,78.5344,1697280500.58,3.5464,3.4875,3.65,18797006770.03,2226463656.45,12.8835,-0.04377395,0.19128815,0.596171,-0.8188441,-0.35238676,-0.64515013,-0.12234111,0.08926028,-0.27282306,0.29691982,-0.11815336,0.09896621,0.22433384,0.82598575,0.29437264,0.10803281,0.56842796,55.44518738,23.33463849,19.10146152,0.42535564,0.26192933,0.95465755,0.37735849,0.48089227,0.56838063,0.06306522,0.9258513,0.93346774,10.89299782,5.66273229,0.78534417,0.21468694,1.44736842,0.25429553,0.45349136,1.03144093,0.33029418,2020-12-31,2021-04-30,192.5669,1.7496,2.0529,122.3408,2.9426,1.7751,70.2261,27.7633,28.3625,0.20292888,0.41943859,0.30591603,0.1897303,-0.15947328,0.39518981,0.22663534,-0.04456887,0.02080297,-0.0221345
sz300750,58.8407,0.8463,28.1799,112.236987,163.383216,290.4954,1.5536,1672086095.78,2.9773,4.7079,3.01,19166685200.0,1954417200.0,17.764,8.8412,12.2289,0.839,112.236987,163.383216,290.4954,1672086095.78,3.0102,4.7079,3.01,19166685200.0,1954417200.0,12.2289,0.02566753,1.48473282,0.60497898,12.77981926,6.60635361,6.45651157,0.03518124,2.90495427,0.55578199,2.30402133,0.55958549,1.12236987,1.63383216,0.80862978,0.36320464,0.2202786,-0.1222013,1.47495315,0.58402882,2.6989574,-0.01484398,-0.15119558,0.34993548,-0.17534247,0.01966688,-0.12218769,-0.05080917,1.49702381,12.77981926,6.60635361,6.45651157,2.90495427,0.56001244,2.30402133,0.55958549,1.12236987,1.63383216,0.2202786,2021-03-31,2021-05-15,153.5133,1.4776,1.8036,98.2104,0.9164,1.4896,55.3029,27.2795,27.2795,-0.31718,0.01198548,0.00261271,-0.31885652,0.46811919,0.00147909,-0.31418229,0.08721818,-0.03818422,0.08721818
sz300750,63.6699,1.9416,29.5226,134.072441,131.447446,184.6426,1.9241,3918495143.23,6.5211,11.0528,6.74,44074560600.0,4483787600.0,17.7959,9.6891,12.082,1.086,154.196775,111.620664,136.8528,2246409047.45,3.7639,6.3449,3.73,24907875400.0,2529370400.0,11.9691,0.15208777,1.19812068,0.64241645,19.940603,17.73345062,8.59846091,0.38076785,1.8464258,0.33544265,3.18682526,0.35613682,1.34072441,1.31447446,0.80878377,0.42260821,0.0611277,0.29439809,0.37384991,-0.31681683,-0.52889856,0.3434769,0.25038203,0.34771342,0.23920266,0.29954007,0.29418141,-0.02124476,1.00554017,33.80266677,7.41086175,26.09849115,1.36852811,0.23519953,4.22213992,0.22697368,1.54196775,1.11620664,-0.05334715,2021-06-30,2021-09-13,156.5677,1.0835,1.4349,104.9563,1.715,1.0971,51.6114,27.2557,27.2373,-0.26205685,-0.31180132,-0.2530064,-0.22349843,0.28782759,-0.31903668,-0.32974036,0.0038673,-0.00154695,-0.06236381
sz300750,67.8178,3.3464,31.2127,132.727702,130.903611,157.208,2.3244,6603594577.45,10.6626,12.3169,11.36,73361545500.0,7751145700.0,17.8243,11.1034,12.4656,1.4029,130.732851,130.161455,125.4914,2685099434.22,4.6197,1.2641,4.62,29286984900.0,3267358100.0,13.0429,0.31248234,1.19536837,0.1850329,33.70910718,43.21252371,12.73535581,1.00344768,1.57208027,0.9488951,1.78404647,0.49081365,1.32727702,1.30903611,0.00614719,0.56969577,0.06715064,0.29180479,-0.15216871,0.16610536,-0.08301913,0.19528518,0.22737055,-0.80076912,0.2386059,0.17581225,0.29176735,0.08971435,1.30210043,161.72063643,29.7088061,31.12045356,1.25491404,0.64384585,-0.29150319,0.74339623,1.30732851,1.30161455,0.0762179,2021-09-30,2021-11-14,169.4975,0.9208,1.3039,122.3269,2.2072,0.9361,47.1706,27.511,27.8953,-0.13994233,-0.58134037,-0.48041443,-0.00444038,0.00445982,-0.57980968,-0.36431532,0.00383494,0.02415805,0.00398783
sz300750,69.8953,6.876,36.2585,159.056287,185.336763,215.2011,2.5445,13442364300.0,18.8507,18.4087,21.52,130355796400.0,15931317900.0,18.5184,14.6279,13.7015,3.5095,203.209184,267.4065,302.9251,6838769722.55,10.4068,6.0918,10.16,56994250900.0,8180172200.0,15.2923,0.25216411,1.75679577,0.31547727,15.07177712,7.26164983,23.10946673,0.86875734,2.15201117,1.16779365,1.32679862,0.90949423,1.59056287,1.85336763,0.03542673,0.8279848,0.12952689,1.50160382,0.55438501,1.05442156,1.41391123,1.54693351,1.25270039,3.81908077,1.1991342,0.94606072,1.50360443,0.17246165,2.67179326,3.48099351,1.59255273,2.85722817,3.02925133,1.93446876,0.74675269,1.78356164,2.03209184,2.674065,0.18696783,2021-12-31,2022-04-30,148.4666,0.7953,1.1901,100.0723,3.5974,0.8408,48.3943,26.2835,24.7035,-0.22901288,-0.54543896,-0.4202835,-0.18202023,0.2225243,-0.52633654,-0.31087872,-0.05330058,-0.11442071,-0.12900837
sz300750,75.1245,0.6439,36.558,153.974115,-23.618939,-41.5688,3.3172,977020300.0,1.7519,3.0358,1.76,48678419100.0,1492804600.0,18.5748,15.2649,4.0582,0.6405,153.974115,-23.618939,-41.5688,977020300.0,1.7591,3.0358,1.76,48678419100.0,1492804600.0,4.0582,0.27674382,-0.23915869,0.29730766,0.37186608,-1.1445616,-1.14309624,1.13516993,-0.4156878,-0.41158096,-0.35516897,-0.41528239,1.53974115,-0.23618939,0.04564287,0.72656427,-0.66814677,-0.81749537,-0.24228762,-1.08832597,-1.13722468,-0.85713508,-0.83096629,-0.50165797,-0.82677165,-0.1459065,-0.81750939,-0.73462462,-0.23659118,0.37186608,-1.1445616,-1.14309624,-0.4156878,-0.41562022,-0.35516897,-0.41528239,1.53974115,-0.23618939,-0.66814677,2022-03-31,2022-05-15,154.9817,0.6523,1.0889,110.0244,0.818,0.6929,44.9573,14.4845,14.4845,0.00956529,-0.55854088,-0.39626303,0.12029276,-0.10737669,-0.53484157,-0.18707156,-0.46903352,-0.41366608,-0.46903352
sz300750,68.8945,1.9574,57.2312,156.318512,82.168187,79.9489,2.3737,7051287000.0,5.848,7.6552,9.11,112971257900.0,8168034600.0,36.1559,17.2824,8.5597,2.7352,158.122533,163.908758,170.399,6074266700.0,5.9366,4.6194,7.35,64292838800.0,6675230000.0,11.9679,0.08205761,0.00813762,0.93855555,0.16592576,-0.37489704,-0.56700729,0.23366769,0.79948851,-0.10321878,-0.30739722,0.35163205,1.56318512,0.82168187,1.03169831,0.78369508,-0.29153286,3.27041374,0.02694231,7.93971723,5.09920421,5.21713459,2.37479393,0.52164174,3.17613636,0.32076678,3.47160332,1.94906609,1.51860037,0.0254594,0.46844457,0.24512615,1.7039896,0.577247,-0.2719507,0.97050938,1.58122533,1.63908758,-0.00010026,2022-06-30,2022-09-13,162.105,0.8168,1.2435,113.343,1.5881,0.8524,48.762,18.6755,21.8486,0.03536681,-0.24614675,-0.13338909,0.07990659,-0.07399417,-0.22304257,-0.05520873,-0.31480388,0.50841244,-0.19784266
sz300750,70.2393,4.1502,61.3465,186.717297,126.954729,142.8736,2.5425,16038385200.0,11.7501,10.6405,15.98,210340240500.0,17591591700.0,36.2154,20.5315,9.3335,3.8614,232.465028,188.415191,234.7026,8987098200.0,6.5128,2.9853,6.87,97368982600.0,9423557100.0,10.2314,0.03570597,0.24019842,0.96543394,0.40676961,-0.03016633,-0.09118111,0.09383067,1.42873559,0.10199201,-0.13610568,0.40669014,1.86717297,1.26954729,1.03179929,0.84911829,-0.25125947,0.4117432,0.4701575,0.14951265,0.37737076,0.47953632,0.09705892,-0.35374724,-0.06530612,0.51446078,0.41172021,-0.14509647,1.75244137,0.77816843,0.44754982,0.8702684,2.34702622,0.40978851,1.36160114,0.48701299,2.32465028,1.88415191,-0.21555789,2022-09-30,2022-11-14,144.3965,0.7936,1.2396,94.4122,2.8598,0.8788,49.9843,18.95,19.2684,-0.14809068,-0.13814075,-0.0493136,-0.22819756,0.29566872,-0.06121141,0.05964944,-0.31118462,-0.11809452,-0.30925998
sz300750,70.5619,7.1766,67.341,152.074704,92.885257,109.882,2.5781,28213098200.0,18.6825,25.0598,24.67,328593987500.0,30729163500.0,36.3987,25.8925,10.1819,5.3787,107.483641,60.602631,78.0249,12174713000.0,8.3627,14.4193,8.69,118253747000.0,13137571800.0,11.6909,0.00953712,0.04371728,0.85724727,-0.04389379,-0.49882983,-0.48939852,0.01320495,1.09881964,-0.00892275,0.36130199,0.14637546,1.52074704,0.92885257,0.96554238,0.77007636,-0.25687698,0.39294038,-0.53763522,-0.67835592,-0.66755843,0.35468788,0.28404066,3.83010083,0.26491994,0.21449094,0.39412025,0.1426491,0.53261148,-0.47106898,-0.77336889,-0.74242841,0.78024901,-0.19641965,1.36700154,-0.14468504,1.07483641,0.60602631,-0.23550414,2022-12-31,2023-04-30,125.042,0.8899,1.311,80.2765,4.4845,0.9566,44.7655,20.2512,22.5659,-0.1577769,0.11894882,0.1015881,-0.19781498,0.24659476,0.13772598,-0.07498404,-0.22950901,0.17113512,-0.08653025
sz300750,67.3978,2.2407,76.9318,82.91158,557.97393,698.3515,2.2963,7800056700.0,5.2272,8.5839,5.8,89038465300.0,9822265100.0,44.4191,28.6783,11.3216,4.0214,82.91158,557.97393,698.3515,7800056700.0,5.5747,8.5839,5.8,89038465300.0,9822265100.0,11.3216,-0.10285193,2.47988818,1.10437661,-0.46152261,24.62400487,17.79989559,-0.30775956,6.98351549,1.98373195,1.82755781,2.29545455,0.8291158,5.5797393,1.39136357,0.87870867,1.78980829,-0.25234722,-0.2286121,8.20709086,7.95036713,-0.35932316,-0.33338515,-0.40469371,-0.33256617,-0.24705586,-0.25235308,-0.03158867,5.2785324,-0.46152261,24.62400487,17.79989559,6.98351549,2.16906373,1.82755781,2.29545455,0.8291158,5.5797393,1.78980829,2023-03-31,2023-05-15,144.1884,0.9309,1.3428,90.3252,0.9964,1.0271,53.8632,21.2688,21.2688,-0.06964242,0.42710409,0.23317109,-0.17904392,0.21809291,0.48232068,0.19809686,0.46838344,-0.05748053,0.46838344
sz300750,70.0962,4.7201,38.7188,67.516982,153.638305,148.9332,2.6396,17552996700.0,12.1709,8.4322,12.31,189246041300.0,20717264500.0,18.1766,18.4115,11.3467,2.4782,55.861178,63.215341,60.5616,9752940000.0,6.0844,-0.1517,6.51,100207576000.0,10894999400.0,11.369,0.01744261,1.4114131,-0.32346692,-0.5680807,0.86980279,0.8628549,0.11201921,1.48933233,1.08120725,0.10149963,0.35126235,0.67516982,1.53638305,-0.49727154,0.06533236,0.32559552,-0.38374695,-0.32625602,-0.88670557,-0.9132792,0.25036783,0.09143093,-1.01767262,0.12241379,0.12544141,0.10921455,0.00418669,-0.09396022,-0.64672222,-0.61432603,-0.64458946,0.60561603,0.02489641,-1.03283976,-0.11428571,0.55861178,0.63215341,-0.0500422,2023-06-30,2023-09-13,133.0334,1.0729,1.414,76.2098,2.3619,1.1525,56.8236,21.6333,21.9571,-0.17933808,0.31354065,0.13711299,-0.32761794,0.48724891,0.35206476,0.16532546,0.15837862,0.03236196,0.00496599
sz300750,69.9245,7.0958,40.9609,40.095519,77.047502,68.2277,2.6082,26981002000.0,17.292,11.9743,18.25,294677250600.0,31145473600.0,18.3233,20.7323,11.0345,2.3715,8.280077,10.66107,4.906,9428005300.0,5.9533,3.5421,5.94,105431209300.0,10428209100.0,10.4742,-0.00448182,0.70974893,-0.33230258,-0.78526082,-0.39311042,-0.52246111,0.02584071,0.68227672,0.47164705,0.12535125,0.14205257,0.40095519,0.77047502,-0.49404673,0.00978009,0.18224675,-0.04305544,-0.85177404,-0.83135312,-0.91899157,-0.03331659,-0.02154691,24.34937376,-0.0875576,0.05212813,-0.04284445,-0.07870525,-0.38584451,-0.96438141,-0.94341714,-0.97909695,0.04906001,-0.08590775,0.18651392,-0.13537118,0.08280077,0.1066107,0.02373087,2023-09-30,2023-11-14,131.7058,1.1145,1.4895,73.6638,3.6653,1.2538,58.042,21.9159,22.4233,-0.08788786,0.40435988,0.20159729,-0.21976397,0.28166305,0.42671825,0.16120462,0.15651187,0.02123231,0.1637344
sz300750,69.3401,10.06,44.9434,22.009854,43.581025,42.1031,2.5152,40091673700.0,22.3164,21.1014,24.04,400917045000.0,44121248000.0,19.9833,23.4698,11.6635,2.9497,-10.159469,-1.231562,7.6877,13110671700.0,6.8687,9.1271,5.79,106239794400.0,12975774400.0,13.4081,-0.01731529,0.401778,-0.33259975,-0.85526946,-0.53080794,-0.61683351,-0.02439781,0.42103052,0.19450823,-0.15795816,-0.02553709,0.22009854,0.43581025,-0.45098863,-0.09356764,0.14551312,0.24381193,-2.2269776,-1.11551955,0.56699959,0.39060928,0.15376346,1.57674826,-0.02525253,0.00766931,0.24429557,0.28010731,-0.45159611,-1.09452107,-1.02032192,-0.9014712,0.07687727,-0.17865044,-0.36702198,-0.33371692,-0.10159469,-0.01231562,0.14688347,2023-12-31,2024-04-29,125.8798,1.1621,1.5672,71.1111,5.0625,1.3556,54.7687,22.9091,25.664,0.00670015,0.30587706,0.19542334,-0.11417289,0.12888839,0.41710224,0.2234578,0.13124654,0.14452378,0.13729122
sz300750,68.4845,2.39,47.2216,-10.408632,7.001011,18.556,2.4109,9247438700.0,5.0594,6.4464,5.18,79770779000.0,10509923000.0,20.0529,25.8637,14.0348,2.3891,-10.408632,7.001011,18.556,9247438700.0,5.1845,6.4464,5.18,79770779000.0,10509923000.0,14.0348,0.01612367,0.06663096,-0.38618881,-1.12553894,-0.9874528,-0.97342885,0.04990637,0.18556045,-0.03210132,-0.24901269,-0.10689655,-0.10408632,0.07001011,-0.54855231,-0.09814389,0.23964811,-0.19005323,-0.0245252,6.68465981,1.41372582,-0.29466324,-0.24519924,-0.29370775,-0.10535406,-0.24914408,-0.19003501,0.0467404,-0.40590342,-1.12553894,-0.9874528,-0.97342885,0.18556045,-0.0699948,-0.24901269,-0.10689655,-0.10408632,0.07001011,0.23964811,2024-03-31,2024-05-15,133.5366,1.2331,1.6488,68.5453,1.313,1.4357,64.9913,26.4155,26.4155,-0.07387418,0.32463208,0.22788204,-0.24112761,0.31774388,0.3978191,0.20659931,0.24198356,0.02928226,0.24198356
sz300750,69.264,5.2,44.6101,-11.878297,10.366825,14.248,2.5246,20053941100.0,11.6521,10.1639,11.39,166766834000.0,22864987000.0,20.1518,23.65,14.9183,2.8087,-13.184154,13.401236,10.8025,10806502400.0,6.117,3.7175,6.21,86996055000.0,12355064000.0,15.7285,-0.01187226,0.10167157,0.15215606,-1.17593051,-0.93252448,-0.90433295,-0.04356721,0.14247963,-0.04262626,0.20536752,-0.07473599,-0.11878297,0.10366825,0.10866719,0.28452326,0.31476993,0.17563099,-0.26665579,0.91418582,-0.41784329,0.16859411,0.17986305,-0.42332154,0.1988417,0.09057547,0.1755618,0.1206786,0.13336292,-1.2360164,-0.78800659,-0.8216279,0.10802511,0.00535796,25.50560316,-0.04608295,-0.13184154,0.13401236,0.38345501,2024-06-30,2024-09-13,134.5786,1.236,1.6324,68.6735,2.6211,1.3993,65.9051,26.5334,26.6416,0.01161513,0.1520179,0.15445545,-0.09888886,0.10974216,0.21414317,0.15981916,0.22650728,0.00855937,0.21334785
sz300750,64.3338,8.19,53.8246,-12.092044,15.590068,19.2558,2.0043,32176410900.0,15.1931,15.3198,17.73,259044749000.0,36001074000.0,26.1535,26.6177,14.9523,2.9839,-12.475712,25.966855,28.5794,12122469800.0,6.0649,5.1559,6.34,92277915000.0,13136087000.0,15.0138,-0.07995338,0.1542039,0.31404828,-1.30158093,-0.79765641,-0.71777152,-0.23153899,0.19255804,-0.12137983,0.27939003,-0.02849315,-0.12092044,0.15590068,0.42733569,0.28387588,0.35505007,0.06237761,0.05373435,0.93764627,1.64562833,0.12177552,-0.00851725,0.3869267,0.02093398,0.06071379,0.06321481,-0.04543981,0.25823319,-2.50671449,1.43567062,4.82539747,0.2857937,0.01874591,0.45560543,0.06734007,-0.12475712,0.25966855,0.4334078,2024-09-30,2024-11-14,141.1631,1.2706,1.6607,73.0381,3.6967,1.4156,68.125,28.185,31.1698,0.07180625,0.14006281,0.1149379,-0.008494,0.00856683,0.1290477,0.17371903,0.28605259,0.16996727,0.39006301
sz300750,65.2382,11.58,56.0763,-9.703876,15.011892,12.2251,2.0783,44992919000.0,20.5502,22.0259,24.13,362012554000.0,50744682000.0,26.5146,28.7504,14.9185,3.3482,-3.079815,13.624109,-2.2437,12816508100.0,6.0938,6.7061,6.4,102967805000.0,14743608000.0,14.8333,-0.05915625,0.15109344,0.24770934,-1.4408878,-0.65554064,-0.70963896,-0.17370388,0.12225095,-0.07914359,0.04381226,0.00374376,-0.09703876,0.15011892,0.32683791,0.22499553,0.27907575,0.12208854,0.75313513,-0.47532695,-1.0785076,0.05725222,0.00476512,0.30066526,0.00946372,0.11584451,0.12237442,-0.01202227,0.13509848,0.69685276,12.06246295,-1.29185582,-0.02243696,-0.11281611,-0.26525402,0.10535406,-0.03079815,0.13624109,0.10629396,2024-12-31,2025-04-30,132.9974,1.2115,1.6084,69.2761,5.1966,1.3809,63.7213,24.4449,15.0355,0.05654283,0.04250925,0.02628892,-0.02580469,0.02648889,0.01866332,0.16346198,0.06703886,-0.51762604,-0.41414043
sz300750,64.7433,3.18,59.3991,6.184984,32.851192,27.9184,2.03,11829172000.0,5.3382,7.4643,5.49,84704589000.0,13962558000.0,26.5381,31.9374,17.5453,3.1709,6.184984,32.851192,27.9184,11829172000.0,5.4918,7.4643,5.49,84704589000.0,13962558000.0,17.5453,-0.05462842,0.33054393,0.25787987,1.5942168,3.69234972,0.50454839,-0.15799079,0.27918361,0.05510535,0.15790208,0.05984556,0.06184984,0.32851192,0.32340459,0.23483492,0.25012825,-0.05295383,3.00823231,1.41125434,13.44301823,-0.07703628,-0.09878893,0.11306124,-0.1421875,-0.17736822,-0.0529755,0.18283187,0.3272362,1.5942168,3.69234972,0.50454839,0.27918361,0.05927283,0.15790208,0.05984556,0.06184984,0.32851192,0.25012825,2025-03-31,2025-05-15,154.2288,1.2346,1.6157,88.1834,1.0206,1.3692,66.0454,24.4077,24.4077,0.15495527,0.00121645,-0.02007521,0.28649813,-0.22269612,-0.04631887,0.01621909,-0.0760084,0.6233381,-0.0760084
sz300750,62.5927,6.92,64.6859,7.267284,33.326728,35.6216,1.8405,27197468000.0,10.3366,12.8719,11.63,178886253000.0,30485139000.0,33.846,30.0806,18.0928,3.6239,8.259695,33.731246,42.2134,15368296000.0,5.9382,5.4076,6.14,94181664000.0,16522581000.0,18.5852,-0.09631699,0.33076923,0.45002813,1.61181195,2.21474781,1.5001123,-0.27097362,0.35621561,-0.1128981,0.26643316,0.02107112,0.07267284,0.33326728,0.6795522,0.27190698,0.21279234,0.14286165,0.33544323,0.0267891,0.51202791,0.29918611,0.08128482,-0.27553823,0.11839709,0.11188384,0.18334914,0.05926943,0.29024104,1.62648654,1.517025,2.90774358,0.42213414,-0.02923001,0.45463349,-0.01127214,0.08259695,0.33731246,0.18162571,2025-06-30,2025-09-13,153.0143,1.3078,1.6896,88.6481,2.0305,1.4172,64.3662,25.023,25.5763,0.13698835,0.05809061,0.03504043,0.29086329,-0.22532525,0.01279211,-0.02335024,-0.05692448,0.04787833,-0.03998634
sz300750,61.2745,11.02,68.8709,9.275323,36.201795,35.5627,1.7473,43619225000.0,15.6036,17.6776,17.76,283071987000.0,49034109000.0,34.2692,33.25,18.4748,4.0652,12.9043,41.206205,35.4654,16421757000.0,6.0899,4.8057,6.13,104185734000.0,18548970000.0,19.1307,-0.04755354,0.34554335,0.27954318,1.76705998,1.32210629,0.84685653,-0.12822432,0.35562742,0.02701884,0.1539054,0.00169205,0.09275323,0.36201795,0.31031028,0.24916879,0.23558249,0.12177488,0.56232161,0.22160341,-0.15985445,0.06854768,0.02554646,-0.11130631,-0.00162866,0.10622099,0.12264361,0.02935131,0.3623781,2.03435379,0.586877,0.24094278,0.3546544,0.00412208,-0.06792219,-0.03312303,0.129043,0.41206205,0.27420773,2025-09-30,2025-11-14,151.7141,1.2825,1.6842,89.4217,3.0194,1.3779,62.2924,25.3098,25.8022,0.07474333,0.00936565,0.01415066,0.2243158,-0.18321746,-0.02663182,-0.08561615,-0.10201171,0.0088324,-0.17220515
sz300750,61.9393,16.14,73.8655,17.040647,42.283446,43.3734,1.7911,64507864000.0,21.4179,29.1906,24.91,423701834000.0,72201282000.0,34.2364,38.2639,18.1227,5.0763,36.576522,57.133674,62.9823,20888639000.0,7.1135,11.513,7.15,140629847000.0,23167173000.0,17.4141,-0.050567,0.39378238,0.31723206,2.75606603,1.81666335,2.54789736,-0.13818987,0.43373369,0.04222343,0.32528523,0.03232491,0.17040647,0.42283446,0.29122823,0.33089974,0.21478031,0.24872085,1.83444449,0.38653084,0.77588015,0.27200999,0.16808158,1.39569678,0.16639478,0.34979946,0.24897355,-0.08973012,0.51612807,12.8762075,3.19357141,29.07073138,0.62982295,0.16733401,0.71679516,0.1171875,0.36576522,0.57133674,0.17398691,2025-12-31,2026-04-30,148.6505,1.1821,1.5977,88.946,4.0474,1.294,59.7045,26.2728,28.2114,0.11769478,-0.02426744,-0.00665257,0.28393486,-0.22114459,-0.06292997,-0.06303701,0.07477633,0.09337188,0.87631938
sz300750,62.3223,4.58,78.2773,52.448696,48.523716,52.9493,1.8253,18092637000.0,5.8046,7.3796,5.98,129131041000.0,20737710000.0,34.4269,42.8064,17.6079,4.5437,52.448696,48.523716,52.9493,18092637000.0,5.9731,7.3796,5.98,129131041000.0,20737710000.0,17.6079,-0.03739383,0.44025157,0.31781963,7.48000512,0.47707627,0.89657359,-0.10083744,0.5294931,0.08737027,-0.01134735,0.08925319,0.52448696,0.48523716,0.29726318,0.340322,0.00356791,-0.10491894,0.43394432,-0.15069848,-0.15929872,-0.13385276,-0.16031489,-0.35902024,-0.16363636,-0.08176647,-0.10486661,0.01112891,0.43293702,7.48000512,0.47707627,0.89657359,0.5294931,0.08763975,-0.01134735,0.08925319,0.52448696,0.48523716,0.00356791,2026-03-31,2026-05-15,148.0157,1.1359,1.5956,94.31,0.9543,1.2687,53.7057,24.8156,24.8156,-0.04028495,-0.07994492,-0.01244043,0.06947566,-0.06496179,-0.07340053,-0.18683663,0.01671194,-0.12036978,0.01671194
