code,date,actual_return_1d,actual_up_1d,pred_return_1d,prob_up_1d,actual_return_3d,actual_up_3d,pred_return_3d,prob_up_3d,actual_return_5d,actual_up_5d,pred_return_5d,prob_up_5d,sequence_score,rank,rating
sz000670,2026-05-06,0.05263157894736836,1.0,0.002274415,0.58883315,0.051347881899871606,1.0,0.014397981,0.6510523,0.060333761232349126,1.0,0.029088408,0.7216819,100.0,1,强
sh600459,2026-05-11,-0.018156424581005637,0.0,0.0033828714,0.6065448,-0.05121042830540046,0.0,0.016626824,0.65212756,-0.029329608938547636,0.0,0.027480219,0.7076032,99.61428571428573,2,强
sh603070,2026-05-06,0.004366812227074357,1.0,-0.0037065074,0.57774085,0.022561863173216956,1.0,0.014744784,0.64054704,0.18,1.0,0.027596414,0.70645607,99.52857142857144,3,强
sh601016,2026-05-07,-0.018036072144288595,0.0,0.006999109,0.6109319,0.026052104208416527,1.0,0.024605805,0.6797149,0.022044088176352616,1.0,0.026086468,0.67765045,98.95714285714286,4,强
sz300787,2026-05-06,0.022977941176470562,1.0,-0.0013246101,0.6031743,0.026654411764705843,1.0,0.012509437,0.6424101,0.02113970588235259,1.0,0.021586802,0.66728574,98.47142857142856,5,强
sh600997,2026-05-07,0.0,0.0,0.006358498,0.62275755,-0.028021015761821477,0.0,0.019688653,0.63783944,-0.038528896672504365,0.0,0.020050777,0.7026569,98.34285714285716,6,强
sz300102,2026-05-06,-0.06989886972040438,0.0,-0.0022041746,0.56018925,-0.004356829790388095,0.0,0.008645529,0.59993815,-0.03802160484535111,0.0,0.02508757,0.6609402,98.3,7,强
sz301317,2026-05-06,0.08240459304289116,1.0,-0.0028454093,0.5410733,0.11060452549814248,1.0,0.008061222,0.58144945,0.18,1.0,0.02493983,0.65230954,97.82857142857142,8,强
sh601328,2026-05-08,-0.004477611940298498,0.0,0.005640707,0.54188484,-0.0029850746268657025,0.0,0.019295495,0.6002101,0.0029850746268658135,1.0,0.020304045,0.6589063,97.61428571428571,9,强
sz300032,2026-05-08,-0.005617977528089901,0.0,0.003259524,0.5969431,-0.014981273408239515,0.0,0.014686662,0.62108105,-0.06179775280898858,0.0,0.019360783,0.66114295,97.4857142857143,10,强
sz002630,2026-05-07,0.02051282051282044,1.0,-0.0013541591,0.51851535,0.01025641025641022,1.0,0.0014270473,0.54919744,0.01025641025641022,1.0,0.02022865,0.6519419,97.14285714285714,11,强
sz300894,2026-05-11,-0.027077497665733086,0.0,0.0037174702,0.5805131,-0.04855275443510765,0.0,0.018416768,0.6335548,-0.050420168067226934,0.0,0.021551505,0.6444083,97.07142857142857,12,强
sh603959,2026-05-07,0.049891540130151624,1.0,-0.0008691594,0.5508414,0.1561822125813448,1.0,0.008509377,0.5881888,0.06073752711496727,1.0,0.019868141,0.65018153,96.75714285714287,13,强
sz001219,2026-05-07,-0.004516129032258176,0.0,-0.0016381812,0.53273845,-0.07161290322580638,0.0,0.011029521,0.56543213,-0.06387096774193557,0.0,0.019530367,0.6238571,95.91428571428571,14,强
sz300049,2026-05-06,0.00903023164507255,1.0,-0.00014692657,0.521519,0.13290145268943854,1.0,0.01076343,0.56906813,0.13329407145661554,1.0,0.021482348,0.61163265,95.85714285714286,15,强
sz300494,2026-05-06,0.02240143369175618,1.0,0.00045859517,0.58496255,0.01881720430107503,1.0,0.012113,0.5989685,0.0026881720430105283,1.0,0.017639337,0.6254254,95.6,16,强
sh603712,2026-05-07,0.034076827757125505,1.0,-0.00089632795,0.5597449,0.013630731102850069,1.0,0.009790695,0.5936161,-0.03407682775712517,0.0,0.017264346,0.6313439,95.3857142857143,17,强
bj920066,2026-05-06,0.005052824988516225,1.0,-0.0046671336,0.54086167,0.015158474965548896,1.0,0.008437298,0.57439643,0.0165365181442354,1.0,0.018312156,0.60459,94.68571428571428,18,强
sh600966,2026-05-07,-0.0015822784810128887,0.0,-0.000865341,0.54828906,-0.012658227848101111,0.0,0.01043247,0.5782519,-0.03322784810126578,0.0,0.016928013,0.612769,94.54285714285714,19,强
sh688228,2026-05-07,-0.01309255079006788,0.0,0.002880531,0.5617947,-0.021128668171557674,0.0,0.012064613,0.59235793,-0.05191873589164786,0.0,0.015674366,0.61887044,94.42857142857143,20,强
sz002465,2026-05-11,-0.032163742690058394,0.0,0.0016042821,0.53667456,-0.09298245614035083,0.0,0.010499281,0.5669931,-0.06374269005847932,0.0,0.01727429,0.60605234,94.37142857142857,21,强
sh603103,2026-05-15,-0.0069375619425173785,0.0,3.217831e-05,0.58478016,-0.005450941526263575,0.0,-0.001247229,0.5510816,-0.021308225966303218,0.0,0.017500933,0.60241836,94.01428571428572,22,强
sz300769,2026-05-06,0.007485963817841501,1.0,-0.0051651765,0.43007237,0.0017467248908296096,1.0,0.004447357,0.49864137,-0.01933873986275747,0.0,0.018131291,0.5968206,93.84285714285713,23,强
sz300677,2026-05-06,-0.017806935332708607,0.0,-0.0032912283,0.48411897,-0.029990627928772162,0.0,0.005372749,0.5407153,-0.06148078725398298,0.0,0.018680805,0.59381706,93.11428571428571,24,强
bj920703,2026-05-15,-0.027850304612706767,0.0,-0.00084161235,0.56308115,-0.03394255874673624,0.0,0.0032287217,0.5502638,-0.05221932114882488,0.0,0.015048678,0.59847575,93.02857142857142,25,强
sz002330,2026-05-07,0.00426439232409348,1.0,-0.0010634356,0.5378159,-0.029850746268656803,0.0,0.011028518,0.56876,-0.019189765458422325,0.0,0.013382954,0.604048,93.0,26,强
bj920010,2026-05-15,0.015957446808510634,1.0,0.0007120166,0.5764649,-0.019756838905774954,0.0,0.009302462,0.5655946,-0.09346504559270519,0.0,0.016619284,0.5955439,92.95714285714286,27,强
bj920260,2026-05-15,-0.023280423280423013,0.0,0.00012402236,0.5527499,-0.014814814814814503,0.0,0.008816175,0.5534352,-0.053968253968253777,0.0,0.017454978,0.5923205,92.42857142857142,28,强
bj920491,2026-05-15,-0.014800000000000035,0.0,-0.00096063764,0.5793493,0.02719999999999989,1.0,0.010373911,0.58118385,0.0052000000000000934,1.0,0.014906444,0.59381855,92.0,29,强
sh600650,2026-05-06,-0.0015873015873016927,0.0,-0.0019943207,0.54165095,0.004761904761904745,1.0,0.007258548,0.55892664,0.0174603174603174,1.0,0.012903923,0.5941041,91.68571428571428,30,强
sz300995,2026-05-06,0.015449438202247423,1.0,-0.0064998297,0.5008173,0.005337078651685534,1.0,0.0026261406,0.5246409,-0.02106741573033688,0.0,0.013574101,0.5883149,90.68571428571428,31,强
bj920419,2026-05-15,-0.03779527559055096,0.0,-0.0026567723,0.56712127,-0.04015748031496058,0.0,0.005536015,0.56159073,-0.08267716535433067,0.0,0.013178366,0.5842177,89.92857142857143,32,强
sz300912,2026-05-07,0.02244632400780744,1.0,-0.0022953632,0.48587766,-0.002927781392322526,0.0,0.0055777915,0.54742575,0.07319453480806826,1.0,0.012737346,0.58669007,89.81428571428572,33,强
sh605577,2026-05-08,-0.006711409395973145,0.0,0.0008500561,0.55974835,-0.022651006711409405,0.0,0.01215109,0.5922315,-0.05033557046979864,0.0,0.0100934375,0.59520215,89.57142857142857,34,强
sz002388,2026-05-11,-0.01971326164874554,0.0,0.0010958232,0.5676541,-0.03942652329749097,0.0,0.011396487,0.5669665,-0.03046594982078854,0.0,0.010862702,0.59049946,89.37142857142857,35,强
bj920266,2026-05-15,-0.020330368487929018,0.0,-0.00035478733,0.6025453,-0.02033036848792913,0.0,0.0069450415,0.57651895,-0.041931385006353517,0.0,0.010417729,0.59142137,89.04285714285714,36,强
sz300857,2026-05-07,-0.0017193585739850858,0.0,-0.0015206974,0.49289665,-0.050598266605845876,0.0,0.007991746,0.5454719,0.010667040948804996,1.0,0.016270062,0.5702507,88.95714285714286,37,强
sh601098,2026-05-11,0.010380622837370401,1.0,0.00053358264,0.4787557,-0.011245674740484324,0.0,0.009158593,0.5263834,-0.03114186851211065,0.0,0.012078463,0.5739529,88.6,38,强
sz002863,2026-05-07,0.021428571428571352,1.0,-0.0024436456,0.5232131,-0.005357142857142949,0.0,0.00889626,0.541865,-0.017857142857142905,0.0,0.010563744,0.5881394,88.6,39,强
bj920914,2026-05-15,-0.019834710743801942,0.0,-0.0007939126,0.57600194,-0.03429752066115721,0.0,0.0031595677,0.5656636,-0.05082644628099209,0.0,0.012022113,0.5725215,88.31428571428572,40,强
sz000902,2026-05-15,-0.032128514056224966,0.0,-0.0015583076,0.53396034,-0.04283801874163329,0.0,0.006434027,0.5585426,-0.048192771084337505,0.0,0.014006145,0.56553483,87.81428571428572,41,强
sz301565,2026-05-14,-0.00630914826498441,0.0,-0.00090632925,0.54976946,0.027940513744929785,1.0,0.007327549,0.54272103,-0.01712483100495743,0.0,0.010995372,0.5724027,87.52857142857142,42,强
sz301202,2026-05-06,0.053694464243288165,1.0,-0.0018330093,0.51215434,0.06771204561653588,1.0,0.005277274,0.5269691,0.052268947493466555,1.0,0.01172579,0.56944144,87.37142857142857,43,强
sh601577,2026-05-11,-0.0041753653444677186,0.0,0.00091212615,0.53103447,-0.0020876826722338038,0.0,0.008271624,0.54982215,-0.03862212943632559,0.0,0.009840275,0.57902676,87.04285714285714,44,强
sh603097,2026-05-11,-0.009929078014184411,0.0,0.001877863,0.52248365,-0.01028368794326251,0.0,0.0058205714,0.54124635,-0.012411347517730542,0.0,0.011670277,0.56690925,86.9,45,强
bj920252,2026-05-15,-0.02349129202106104,0.0,-0.002332159,0.55071974,-0.04495747266099648,0.0,0.0010548796,0.55123717,-0.0911300121506683,0.0,0.0097297225,0.57834285,86.65714285714286,46,强
bj920694,2026-05-15,-0.03879064460924131,0.0,0.0002448041,0.5997013,-0.027952082144894752,0.0,0.0064344355,0.57285297,-0.06274957216200827,0.0,0.010374812,0.5711845,86.34285714285714,47,强
sh600939,2026-05-07,0.013114754098360715,1.0,-0.0018023379,0.50048965,-0.006557377049180246,0.0,0.006808129,0.51742166,-0.026229508196721096,0.0,0.008169362,0.5912973,86.25714285714285,48,强
bj920163,2026-05-15,-0.025203252032520496,0.0,-0.00071865023,0.601109,-0.017886178861788782,0.0,0.0077061616,0.56683964,-0.07317073170731714,0.0,0.010437947,0.5672383,85.9857142857143,49,强
bj920039,2026-05-15,-0.01931330472102999,0.0,-0.00279273,0.5540414,-0.01394849785407748,0.0,0.0028275456,0.53031087,-0.06652360515021483,0.0,0.010992082,0.56404525,85.94285714285715,50,强
bj920122,2026-05-15,-0.029042386185243352,0.0,-0.0017001089,0.57290596,-0.02394034536891676,0.0,0.003090656,0.56042755,-0.06318681318681318,0.0,0.009442897,0.57610285,85.88571428571429,51,强
sz300686,2026-05-07,-0.011223944414751497,0.0,0.0025691956,0.52246845,-0.043292357028327455,0.0,0.006483171,0.54684603,-0.07001603420630709,0.0,0.0118242325,0.5581552,84.87142857142857,52,强
bj920556,2026-05-15,-0.01969365426695835,0.0,-0.0029906086,0.56426185,-0.018599562363238453,0.0,0.002596569,0.54596037,-0.08096280087527352,0.0,0.010577878,0.56121105,84.8,53,强
sz301040,2026-05-11,0.010324931673246107,1.0,0.0048163733,0.5464898,-0.006377163680534537,0.0,0.01189971,0.57432,0.1387792286668692,1.0,0.010513755,0.56218374,84.78571428571428,54,强
sh603040,2026-05-07,0.013703703703703773,1.0,-0.0033881098,0.4873352,-0.017901234567901048,0.0,0.007392384,0.53334665,-0.06962962962962949,0.0,0.009946427,0.56522185,84.72857142857143,55,强
sh605318,2026-05-15,0.10000000000000031,1.0,0.0012996725,0.5519611,0.15662921348314618,1.0,0.004171277,0.5462514,0.11235955056179803,1.0,0.0106931105,0.5609654,84.71428571428572,56,强
sz002719,2026-05-12,0.018018018018018056,1.0,0.0015124157,0.5522184,0.05662805662805703,1.0,0.009275136,0.5463581,0.04375804375804382,1.0,0.007772361,0.5763163,84.27142857142857,57,强
sh600159,2026-05-07,0.015105740181268867,1.0,-0.002560963,0.49406388,0.030211480362537735,1.0,0.008648564,0.50853884,-1.1102230246251565e-16,0.0,0.011074565,0.55491847,83.72857142857143,58,强
sz003020,2026-05-07,0.00694143167028205,1.0,0.0017057552,0.5223537,-0.00867678958785234,0.0,0.008132486,0.5349904,-0.04208242950108476,0.0,0.010086076,0.5591145,83.15714285714286,59,强
bj920523,2026-05-14,-0.002230151650312262,0.0,-0.0017813776,0.5333742,-0.010704727921498902,0.0,0.0018709175,0.53537077,-0.07091882247992909,0.0,0.010100796,0.55663335,82.9857142857143,60,强
bj920124,2026-05-15,0.01128266033254155,1.0,-0.0011346821,0.53689164,-0.0225653206650831,0.0,0.0059490525,0.5308901,-0.03622327790973845,0.0,0.012787459,0.54938424,82.85714285714286,61,强
bj920455,2026-05-15,-0.01432291666666674,0.0,-0.0012852348,0.55700225,-0.010416666666666852,0.0,0.0038092143,0.5341217,-0.04947916666666685,0.0,0.008525241,0.5639579,82.75714285714285,62,强
sh688122,2026-05-13,-0.043080554735910104,0.0,-0.00082780083,0.5235312,-0.06403068751844199,0.0,0.008443119,0.53312284,-0.07494836234877544,0.0,0.009790346,0.55508566,82.11428571428571,63,强
sz001210,2026-05-08,0.01680672268907535,1.0,0.0021480336,0.5037063,0.18,1.0,0.011474264,0.5322964,0.18,1.0,0.007940709,0.5622875,82.07142857142857,64,强
bj920371,2026-05-15,-0.022727272727272818,0.0,-0.0016809106,0.5738664,-0.02840909090909094,0.0,0.005093187,0.5509404,-0.06363636363636349,0.0,0.009022909,0.5597829,82.04285714285714,65,强
bj920080,2026-05-15,-0.0007987220447283061,0.0,-0.0018449195,0.56237096,0.02955271565495199,1.0,0.0048600733,0.5446972,-0.0227635782747605,0.0,0.010765744,0.548265,81.47142857142856,66,强
bj920367,2026-05-15,-0.016949152542372836,0.0,0.0024875267,0.5719756,-0.021323127392017693,0.0,0.0075663505,0.5552657,-0.059595407326408,0.0,0.009545283,0.5537483,81.44285714285714,67,强
sz300862,2026-05-07,0.030565881866996936,1.0,0.0045111077,0.5281343,0.13919867823213483,1.0,0.01000143,0.54067135,0.08013217678645157,1.0,0.011277569,0.54493475,81.22857142857143,68,强
bj920239,2026-05-15,-0.011351909184726727,0.0,1.7626584e-05,0.56084645,-0.002407980736154114,0.0,0.0042135334,0.554048,-0.0485036119711042,0.0,0.0078065274,0.5600397,81.02857142857142,69,强
sz002156,2026-05-08,0.07102869139258239,1.0,0.002524291,0.5371048,0.06473058082575256,1.0,0.007349038,0.5435584,-0.0024492652204336496,0.0,0.007871059,0.5525653,79.45714285714286,70,偏强
bj920146,2026-05-15,-0.020679468242245203,0.0,-0.0042568096,0.5417759,-0.01477104874446089,0.0,0.0014807876,0.5125495,-0.05908419497784334,0.0,0.008330911,0.5496739,79.21428571428572,71,偏强
bj920056,2026-05-15,-0.03400174367916309,0.0,-0.0008368142,0.53638977,-0.022231909328683575,0.0,0.0025488767,0.5189788,-0.04882301656495214,0.0,0.009115969,0.54809314,79.08571428571427,72,偏强
sh603061,2026-05-07,-0.02703819144541708,0.0,0.0015957281,0.5262189,0.17725036614217582,1.0,0.0057795774,0.5256771,0.14912313643020747,1.0,0.008409431,0.5495722,78.94285714285715,73,偏强
sh603344,2026-05-08,-0.024863760217983644,0.0,0.00022836588,0.50765324,-0.029972752043596618,0.0,0.007378932,0.528273,0.11103542234332453,1.0,0.0065709143,0.55605775,78.6,74,偏强
bj920527,2026-05-15,-0.02346041055718484,0.0,-0.0012145259,0.5477157,-0.02404692082111415,0.0,-0.0016454507,0.5188706,-0.06158357771261003,0.0,0.0067125545,0.5506711,77.88571428571429,75,偏强
sz002190,2026-05-06,0.0030090270812435094,1.0,-0.005125582,0.4933702,0.009027081243731194,1.0,0.00071236154,0.48836783,0.13172851889000325,1.0,0.0067000226,0.5520445,77.87142857142857,76,偏强
bj920608,2026-05-15,-0.0073081607795372205,0.0,-0.0009887014,0.53734004,-0.018270401948842885,0.0,0.0027901684,0.5202612,-0.05054811205846543,0.0,0.009424293,0.5429269,77.8,77,偏强
bj920634,2026-05-15,-0.02323232323232316,0.0,-0.0035640188,0.5408419,-0.040909090909090895,0.0,0.00071800576,0.53405535,-0.07695750517349254,0.0,0.0102540795,0.53999025,77.7,78,偏强
bj920701,2026-05-15,-0.02898550724637694,0.0,-0.0038855686,0.49605656,-0.023715415019763042,0.0,-0.0011114102,0.48454013,-0.03491436100131773,0.0,0.009522574,0.54171485,77.25714285714287,79,偏强
bj920304,2026-05-15,-0.03371783496007075,0.0,-0.002257873,0.5277593,-0.02573203194321183,0.0,0.0034843744,0.51570314,-0.015971606033717833,0.0,0.007532885,0.5475023,77.10000000000001,80,偏强
bj920566,2026-05-15,-0.016822429906542036,0.0,0.002475743,0.569974,-0.014018691588784882,0.0,0.0027218526,0.53519803,-0.043925233644859674,0.0,0.006462718,0.5504471,77.1,81,偏强
bj920679,2026-05-15,-0.027945205479451896,0.0,-0.0026400404,0.5302943,-0.006575342465753531,0.0,0.0043827305,0.51261955,-0.04547945205479442,0.0,0.007930158,0.5417755,75.84285714285714,82,偏强
bj920504,2026-05-15,-0.02550779404818171,0.0,-0.0027695824,0.5493776,-0.025980160604629265,0.0,0.0043626577,0.51913184,-0.05621162021728865,0.0,0.007395678,0.54318297,75.68571428571428,83,偏强
sz002912,2026-05-15,0.03327645051194539,1.0,-0.0034544289,0.52328265,0.03754266211604085,1.0,0.0028658763,0.51430494,0.015784982935153513,1.0,0.0074260607,0.54283094,75.41428571428571,84,偏强
bj920866,2026-05-15,-0.010638297872340163,0.0,-0.0016132385,0.540217,-0.02127659574468066,0.0,0.0036134361,0.5169343,-0.06249999999999989,0.0,0.0066108666,0.5434277,75.35714285714286,85,偏强
sh603799,2026-05-13,-0.03964968152866233,0.0,0.002117461,0.54227424,-0.071496815286624,0.0,0.006222842,0.54893464,-0.06699965403909336,0.0,0.0063627386,0.54353946,75.14285714285714,86,偏强
sh603918,2026-05-13,-0.03463522476050118,0.0,-0.0011715672,0.5207306,-0.056742815033161476,0.0,0.0057160915,0.5146644,-0.05453205600589561,0.0,0.0065280097,0.54336774,74.97142857142858,87,偏强
sz301291,2026-05-14,0.0027173913043476716,1.0,2.6569887e-05,0.5165854,0.11121894409937871,1.0,0.007207175,0.5155478,0.048136645962732816,1.0,0.009017489,0.5336974,74.69999999999999,88,偏强
bj920145,2026-05-15,-0.0059391239792127015,0.0,-0.00081554876,0.51755375,-0.015590200445434133,0.0,0.0057757213,0.5058226,-0.009651076466220876,0.0,0.0077702897,0.53630316,74.32857142857142,89,偏强
sz300026,2026-05-15,-0.0030120481927710108,0.0,0.00040474534,0.5370373,-0.009036144578313143,0.0,0.0039756456,0.53529537,-0.015060240963855498,0.0,0.007358659,0.54059607,74.28571428571428,90,偏强
sh688117,2026-05-08,0.004081632653061273,1.0,0.00515798,0.5434316,0.0019047619047620756,1.0,0.009376703,0.5298225,-0.02639455782312905,0.0,0.007438748,0.538239,74.21428571428571,91,偏强
sh688496,2026-05-07,0.04066985645933019,1.0,-0.0031113944,0.4951294,-0.18,0.0,0.0015967917,0.49356726,-0.18,0.0,0.0045638448,0.54962677,74.12857142857143,92,偏强
bj920077,2026-05-14,-0.012345679012345623,0.0,0.00042119212,0.5161584,-0.02974186307519666,0.0,0.0018865045,0.5062372,-0.07070707070707094,0.0,0.009041761,0.5285048,73.6,93,偏强
sh688349,2026-05-11,-0.05178643115214754,0.0,-0.00046209618,0.51886207,-0.0875150541951023,0.0,0.006250906,0.513015,-0.11120032115616219,0.0,0.006887297,0.535823,73.25714285714285,94,偏强
sh603878,2026-05-08,-0.023391812865497408,0.0,0.0031322085,0.52880514,-0.054970760233918226,0.0,0.010738646,0.54940885,-0.09005847953216384,0.0,0.006196252,0.5412388,73.17142857142856,95,偏强
sh603022,2026-05-07,0.0174064403829417,1.0,-0.0018990185,0.51077455,-0.0026109660574409332,0.0,0.0058985716,0.50257736,-0.004351610095735481,0.0,0.004602685,0.54636186,73.11428571428571,96,偏强
sh603298,2026-05-06,0.020393029291805753,1.0,-0.002835138,0.47920516,0.09899888765294773,1.0,0.011053158,0.4943702,0.09899888765294751,1.0,0.009632001,0.52465534,73.0,97,偏强
sh600501,2026-05-12,-0.0008190008190007703,0.0,0.0015264138,0.53017724,-0.0626535626535627,0.0,0.004460855,0.50345606,-0.06715806715806727,0.0,0.006751865,0.5357243,72.97142857142856,98,偏强
sz301167,2026-05-14,-0.015954415954416046,0.0,9.1820584e-05,0.54780054,-0.008547008547008628,0.0,0.0068463227,0.5277678,-0.062108262108262036,0.0,0.007611471,0.53031737,72.18571428571428,99,偏强
sz301353,2026-05-11,-0.0228013029315961,0.0,-0.0018189766,0.5079252,-0.029641693811074843,0.0,0.0060260505,0.50675356,-0.03224755700325732,0.0,0.004813709,0.54213136,72.02857142857144,100,偏强
sz301321,2026-05-15,0.04794287657259444,1.0,-0.0036790662,0.50272983,0.030261815708942486,1.0,-0.00015440882,0.49785018,0.052023121387283044,1.0,0.009386233,0.5221379,71.57142857142857,101,偏强
sz002953,2026-05-08,-0.012417218543046227,0.0,0.0005795363,0.53425306,-0.012417218543046227,0.0,0.0070707737,0.5327818,-0.05049668874172153,0.0,0.0058113663,0.5362476,71.54285714285714,102,偏强
bj920184,2026-05-15,0.0033112582781460453,1.0,-0.0012479841,0.53257483,-0.0331125827814569,0.0,-0.0022269126,0.49561372,-0.0768211920529801,0.0,0.006294735,0.5327275,71.32857142857142,103,偏强
sh688322,2026-05-15,0.07191011235955069,1.0,-0.0017348841,0.5088753,0.15370786516853974,1.0,-0.0032340605,0.48546308,0.18,1.0,0.0055352086,0.5351202,70.68571428571428,104,偏强
bj920974,2026-05-15,-0.03394255874673602,0.0,-0.0010974411,0.5480537,0.04438642297650164,1.0,0.0018738598,0.5142378,-0.006527415143602888,0.0,0.0058997935,0.5310097,70.07142857142857,105,偏强
bj920508,2026-05-15,-0.0021119324181627652,0.0,-0.003040047,0.5391369,-0.007391763463569179,0.0,-0.0010317501,0.50528586,-0.0580781414994721,0.0,0.004615424,0.53256106,68.94285714285714,106,偏强
bj920855,2026-05-15,-0.0326797385620915,0.0,-0.004478604,0.5318274,-0.0183006535947714,0.0,0.0036009229,0.5049652,-0.016993464052287743,0.0,0.0058774226,0.52602804,68.85714285714286,107,偏强
bj920427,2026-05-15,-0.010441767068273156,0.0,-0.0008668244,0.5452629,0.0433734939759034,1.0,-0.0009514958,0.49688882,-0.044176706827309564,0.0,0.0050337706,0.5277899,68.42857142857143,108,偏强
bj920806,2026-05-15,0.011314186248911895,1.0,-0.0038495152,0.53417313,0.006962576153176636,1.0,-0.0009458911,0.49991775,-0.015665796344647598,0.0,0.0043975497,0.5320206,68.35714285714286,109,偏强
bj920370,2026-05-15,-0.0293255131964808,0.0,-0.0018191307,0.5187358,-0.03519061583577687,0.0,0.00022073425,0.49239588,-0.06158357771260958,0.0,0.005703437,0.52542335,68.28571428571428,110,偏强
bj920396,2026-05-15,-0.017025712300208662,0.0,-0.002896464,0.5495836,-0.054899235580264105,0.0,0.00059072115,0.5081179,-0.08512856150104253,0.0,0.0048885206,0.5262546,68.14285714285714,111,偏强
sh688439,2026-05-15,0.003142801021410513,1.0,-0.0046794703,0.50848156,0.035552936554704484,1.0,0.0026559697,0.49533352,0.030445884894912734,1.0,0.0059499056,0.52222955,67.75714285714285,112,偏强
sz002023,2026-05-06,0.008560311284047106,1.0,-0.0056995247,0.481663,0.06303501945525292,1.0,-0.004049903,0.48395216,0.03424124513618665,1.0,0.008708088,0.51009464,67.62857142857143,113,偏强
sz002333,2026-05-15,0.011406844106463865,1.0,-0.0020433397,0.5280917,0.0,0.0,-0.0048462087,0.5047891,0.011406844106463865,1.0,0.008863145,0.50949633,67.54285714285714,114,偏强
sz301032,2026-05-15,-0.006891271056661541,0.0,-0.00073682517,0.50765985,0.024502297090352343,1.0,0.00055464543,0.49506095,-0.006891271056661652,0.0,0.008295668,0.5102822,67.41428571428571,115,偏强
sh688338,2026-05-12,-0.01625172890733062,0.0,-0.0023934818,0.46678573,-0.025933609958506243,0.0,-0.00036367774,0.46894667,-0.021438450899031736,0.0,0.0041168802,0.5280171,67.31428571428572,116,偏强
sh688503,2026-05-15,-0.0040376850605650105,0.0,-0.0041272836,0.47470093,0.042620008972633405,1.0,-0.003782073,0.46560925,-0.024674742036787878,0.0,0.006700801,0.51532066,67.0142857142857,117,偏强
bj920792,2026-05-15,-0.019469026548672774,0.0,-0.002629369,0.53004587,-0.026548672566371945,0.0,0.0009557571,0.49653092,-0.05486725663716818,0.0,0.004169494,0.52602255,66.77142857142857,118,偏强
sh603004,2026-05-11,-0.02757352941176472,0.0,-0.0010650937,0.4790154,-0.0533088235294118,0.0,0.0029823673,0.4963527,-0.01424632352941202,0.0,0.002775409,0.5329098,66.61428571428573,119,偏强
bj920212,2026-05-15,-0.010806317539484578,0.0,-0.0029373593,0.54455894,0.004156275976724855,1.0,0.00083751866,0.5047512,-0.03075644222776386,0.0,0.006002768,0.51634866,66.55714285714286,120,偏强
bj920781,2026-05-15,-0.015172413793103523,0.0,-0.0035354432,0.5378635,-0.016551724137931267,0.0,0.0012262106,0.5056423,-0.057931034482758714,0.0,0.005678671,0.5167779,66.14285714285715,121,偏强
sh688305,2026-05-15,-0.03590638174153238,0.0,-0.0023605635,0.50404876,-0.010030527692978852,0.0,0.0008785326,0.491009,0.02994621311237089,1.0,0.0061041215,0.5152574,65.72857142857143,122,偏强
sh603260,2026-05-07,-0.008368200836820106,0.0,0.00021138004,0.5140498,-0.020039638846069185,0.0,0.0019171849,0.5026502,-0.034133450781766106,0.0,0.0038549998,0.5224883,65.32857142857142,123,偏强
bj920885,2026-05-15,-0.012256267409470722,0.0,-0.0047260234,0.5313448,-0.05682451253481868,0.0,-0.0009353239,0.49719137,-0.1103064066852365,0.0,0.006221064,0.51317096,65.28571428571428,124,偏强
sz300271,2026-05-13,-0.03647416413373861,0.0,-0.0027307658,0.516782,-0.0349544072948329,0.0,0.0057979217,0.49870518,-0.05319148936170215,0.0,0.0034812905,0.5222565,64.74285714285713,125,偏强
bj920130,2026-05-14,-0.007329842931937058,0.0,-0.0012094814,0.51254946,0.014659685863874339,1.0,-5.6962297e-05,0.47049934,-0.06125654450261786,0.0,0.004551272,0.51372766,63.25714285714285,126,偏强
bj920476,2026-05-15,-0.030990592141671214,0.0,-0.0029955064,0.5538317,-0.03209739900387376,0.0,-0.0005125374,0.50971276,0.004427227448810189,1.0,0.0021218732,0.5231039,63.114285714285714,127,偏强
bj920016,2026-05-14,-0.005467800729039851,0.0,-0.0003627751,0.5030624,0.012758201701093874,1.0,0.0041446746,0.49181113,-0.050575555989119114,0.0,0.006174081,0.5061375,63.042857142857144,128,偏强
sh603281,2026-05-11,0.03056768558951961,1.0,0.0009806976,0.47190022,0.010098253275109048,1.0,-0.0006404698,0.4614659,0.013100436681222627,1.0,0.003882798,0.5145468,62.64285714285714,129,偏强
sz300605,2026-05-14,-0.023942537909018125,0.0,-0.0033383653,0.51658547,0.02394253790901857,1.0,0.0037326838,0.50005174,-0.03910614525139666,0.0,0.003207835,0.5156142,62.485714285714295,130,偏强
bj920753,2026-05-14,-0.00917926565874716,0.0,-0.0016227968,0.53913116,0.008099352051835984,1.0,0.002682404,0.50998247,-0.06587473002159816,0.0,0.0051414,0.50748175,62.400000000000006,131,偏强
sh603221,2026-05-15,-0.014790468364831555,0.0,-0.0036280483,0.52770287,0.038619556285949264,1.0,0.00044910313,0.5122336,0.023829087921117598,1.0,0.0033036568,0.5154059,62.400000000000006,132,偏强
bj920786,2026-05-15,-0.0012706480304954804,0.0,0.0005029201,0.557607,-0.019059720457433427,0.0,-0.00026500822,0.508452,-0.05590851334180458,0.0,0.0021582856,0.52179855,62.28571428571428,133,偏强
sz300958,2026-05-12,0.00834492350486804,1.0,0.0019970506,0.53890145,-0.026425591098748202,0.0,0.010793957,0.51918936,-0.0006954102920723182,0.0,0.003949543,0.5127325,62.0,134,偏强
bj920346,2026-05-15,-0.024630541871921152,0.0,-0.0043595424,0.53534853,-0.02610837438423652,0.0,-0.0022565897,0.4997749,-0.037931034482758474,0.0,0.00316056,0.5132633,61.07142857142857,135,偏强
sh603987,2026-05-08,-0.00715137067938032,0.0,0.003179416,0.50798196,-0.023837902264600808,0.0,0.004996351,0.50766385,-0.05601907032181186,0.0,0.001446496,0.519443,61.0,136,偏强
bj920017,2026-05-15,-0.023321956769055574,0.0,-4.460849e-05,0.5609133,-0.017064846416382062,0.0,0.0042930776,0.51449555,-0.03640500568828198,0.0,0.004156173,0.506379,60.728571428571435,137,偏强
sz002181,2026-05-12,-0.04021447721179627,0.0,0.00095968397,0.5128674,0.0557640750670243,1.0,0.0026203073,0.48176214,-0.1447721179624667,0.0,0.0016630158,0.51585025,60.57142857142857,138,偏强
sz301584,2026-05-15,-0.013602798289933937,0.0,0.0014088996,0.5353341,-0.04275165176836371,0.0,0.002775531,0.5096599,-0.05674310143801009,0.0,0.0010995977,0.51761365,60.51428571428572,139,偏强
sh688659,2026-05-12,-0.0008368200836824657,0.0,0.00024024211,0.5227984,-0.006694560669456506,0.0,0.0038869972,0.49586302,-0.007531380753138528,0.0,0.0006525487,0.51725334,59.82857142857142,140,中性
sz301551,2026-05-15,-0.03130688023298145,0.0,-0.0018078483,0.5020032,-0.04331998543866056,0.0,0.00025170558,0.48046744,-0.07681106661812886,0.0,0.0051720315,0.49676028,59.81428571428572,141,中性
sh688528,2026-05-13,0.008764940239043728,1.0,-2.6217476e-05,0.52971596,0.02390438247011928,1.0,0.0056370003,0.50523174,0.013545816733067761,1.0,0.0029545934,0.5084724,59.57142857142858,142,中性
sz300777,2026-05-06,0.03824993450353653,1.0,-0.007422139,0.45223084,0.08776526067592338,1.0,-0.004101469,0.44959098,0.08619334555933977,1.0,0.0038473092,0.50491285,59.471428571428575,143,中性
sz001225,2026-05-06,0.022318783330041336,1.0,-0.0044297744,0.45344195,0.029626703535452936,1.0,-0.006004243,0.43793586,-0.014220817697017996,0.0,0.0027369112,0.5091017,59.457142857142856,144,中性
bj920953,2026-05-15,0.0,0.0,-0.0033776022,0.5273375,-0.02088948787062006,0.0,-0.0057552163,0.47308928,-0.048180592991913906,0.0,0.004023705,0.5014281,59.31428571428572,145,中性
sh600871,2026-05-12,0.0077220077220074845,1.0,-0.0020083315,0.4520813,-0.019305019305019044,0.0,-0.0033127684,0.43997535,0.0038610038610040753,1.0,0.0040874714,0.49997258,59.22857142857143,146,中性
sh603636,2026-05-08,-0.006300630063006296,0.0,0.0036305278,0.4832874,0.054905490549054914,1.0,0.0067963554,0.50361586,-0.0009000900090013753,0.0,0.002344586,0.5069349,58.31428571428572,147,中性
bj920158,2026-05-15,-0.03624382207578236,0.0,-0.0010086845,0.5065152,-0.0683690280065894,0.0,-7.621162e-05,0.46993896,-0.11367380560131768,0.0,0.0036358163,0.49979106,58.25714285714286,148,中性
sh688466,2026-05-13,-0.006451612903225823,0.0,0.0012671739,0.52000344,0.0010752688172042113,1.0,0.0046952176,0.50178516,-0.010752688172043112,0.0,0.0031746156,0.5023122,58.199999999999996,149,中性
bj920123,2026-05-15,-0.030182684670373217,0.0,-0.0036244143,0.5440254,-0.032565528196981886,0.0,0.0019492354,0.50355965,-0.06830818109610792,0.0,0.0019003839,0.5079272,58.08571428571429,150,中性
bj920906,2026-05-15,-0.03448275862068961,0.0,-0.0023690138,0.5262427,-0.047939444911690554,0.0,7.413514e-05,0.4907835,-0.07148864592094206,0.0,0.0032024123,0.49980143,57.74285714285713,151,中性
sh600116,2026-05-14,-0.008875739644970349,0.0,-0.0026638256,0.51533496,0.031065088757396442,1.0,0.0015204638,0.48615983,-0.035502958579881616,0.0,0.005162773,0.4876804,57.671428571428564,152,中性
sh688114,2026-05-08,0.01954459203036052,1.0,0.0033960468,0.4825141,-0.019924098671726842,0.0,0.0056725508,0.49243683,-0.005313092979126854,0.0,0.0019369095,0.5052354,57.25714285714285,153,中性
sh600526,2026-05-15,0.005847953216374213,1.0,-0.0028002711,0.53393835,-0.007797270955165692,0.0,0.0021420927,0.5116485,-0.025341130604288442,0.0,0.0034022175,0.4965989,56.74285714285715,154,中性
bj920924,2026-05-15,0.06329760081674318,1.0,-0.0023230128,0.5057231,0.05104645227156723,1.0,-0.00083495193,0.46947524,-0.01939765186319542,0.0,0.0031322383,0.4966974,56.32857142857142,155,中性
bj920005,2026-05-15,-0.03300142247510662,0.0,0.0003774509,0.49015644,-0.03044096728307255,0.0,0.0021613827,0.46998468,-0.02987197724039825,0.0,0.004665196,0.4832623,55.58571428571429,156,中性
sh600640,2026-05-15,0.10031847133757954,1.0,-0.0036338784,0.4925858,0.06687898089171984,1.0,-0.00031989478,0.47881496,-0.017515923566879033,0.0,0.0035126514,0.4889752,55.557142857142864,157,中性
bj920475,2026-05-15,-0.047106325706594676,0.0,6.213821e-05,0.52067834,0.04845222072678346,1.0,0.0004289251,0.48793688,-0.0026917900403766737,0.0,0.0028504133,0.49042237,54.82857142857143,158,中性
bj920088,2026-05-12,-0.021590909090909105,0.0,0.0019819594,0.47629562,-0.02840909090909094,0.0,-0.0015651907,0.43396086,-0.0031818181818180635,0.0,0.00344458,0.4806133,53.5,159,中性
sz300499,2026-05-12,0.060813900320073166,1.0,0.0013525977,0.4760294,-0.013946044810242308,0.0,-0.00038419775,0.464844,0.04961133973479637,1.0,0.0023528314,0.48602033,53.400000000000006,160,中性
sh603175,2026-05-15,-0.01478624236579873,0.0,-0.0047007874,0.48906174,0.013714775527697398,1.0,-0.00043084062,0.45833078,0.019179256402014344,1.0,0.001598224,0.48970047,52.94285714285714,161,中性
bj920116,2026-05-15,0.013169709667764318,1.0,-0.0014638994,0.52654386,0.01765938341813844,1.0,-0.0029222672,0.46489432,-0.04754236386198596,0.0,0.004854261,0.47277406,52.81428571428572,162,中性
bj920405,2026-05-14,0.0060606060606061,1.0,-0.001861652,0.47687614,0.0181818181818183,1.0,0.000596419,0.46932667,-0.044242424242424305,0.0,0.0021612481,0.48522878,52.72857142857142,163,中性
sz002576,2026-05-11,-0.01147626499739185,0.0,0.0028209432,0.5003598,-0.03547209181012012,0.0,0.0012475823,0.45501563,0.0,0.0,-0.00030036047,0.49953574,52.58571428571428,164,中性
bj920950,2026-05-15,-0.024405506883604544,0.0,-0.0020788808,0.5330862,-0.020650813516896127,0.0,-0.0006271239,0.48256418,-0.037546933667083726,0.0,0.00033597424,0.49609482,52.37142857142857,165,中性
sz001282,2026-05-14,0.0201632261161786,1.0,-0.0017100845,0.503516,0.016322611617859195,1.0,-0.0012567934,0.485622,-0.0072011521843492465,0.0,0.0025011986,0.47969848,52.01428571428572,166,中性
bj920357,2026-05-15,0.0011737089201877549,1.0,-0.0034108483,0.5136408,-0.035074803743419425,0.0,-0.004436444,0.4740085,-0.025374497537665297,0.0,0.001000268,0.4856939,51.31428571428572,167,中性
bj920422,2026-05-15,-0.006375227686703289,0.0,-0.003511094,0.50986654,-0.00819672131147553,0.0,-0.006371303,0.4716484,-0.029143897996357193,0.0,-0.0009008326,0.49746293,51.10000000000001,168,中性
sz000727,2026-05-11,0.007017543859649145,1.0,-8.347295e-05,0.4657371,-0.01754385964912286,0.0,-0.00030680225,0.43962574,2.220446049250313e-16,1.0,-0.0004941203,0.49242687,50.785714285714285,169,中性
sz300669,2026-05-12,-0.013578756789378477,0.0,-0.0023740556,0.4649898,-0.024140012070005712,0.0,-0.0040822607,0.4445831,-0.051901025950512714,0.0,-0.0014047318,0.49964407,50.77142857142857,170,中性
bj920790,2026-05-15,-0.016771488469601636,0.0,-0.003568008,0.5157154,-0.09769392033542956,0.0,-0.008210875,0.4615938,-0.12410901467505209,0.0,-0.0006454602,0.4961968,50.65714285714286,171,中性
sh688590,2026-05-07,0.01913265306122458,1.0,-0.0031695482,0.4665773,0.0,0.0,-0.0018694919,0.4633945,0.02423469387755106,1.0,0.00079353375,0.48412454,50.55714285714286,172,中性
sh688802,2026-05-15,0.018340672398126756,1.0,-0.0035161145,0.47345445,0.08338575522471503,1.0,-0.0050795423,0.45709768,0.01831271405605661,1.0,0.002521289,0.4751979,50.25714285714286,173,中性
sz301216,2026-05-11,0.0003374957813027102,1.0,0.0014929861,0.4512412,-0.046574417819777225,0.0,-0.0018300783,0.45236775,-0.0080998987512656,0.0,0.0003347449,0.4843316,50.042857142857144,174,中性
bj920656,2026-05-15,-0.004481434058898892,0.0,-0.0017814428,0.56537473,-0.01216389244558258,0.0,-0.00027437956,0.4895499,-0.0409731113956463,0.0,-0.0011870548,0.4921539,49.3,175,中性
bj920230,2026-05-15,-0.04260651629072665,0.0,-0.0004471563,0.49898615,-0.030075187969925032,0.0,-0.0043792594,0.4664626,-0.07101086048454497,0.0,-5.7361274e-05,0.4838115,48.97142857142857,176,中性
sh603305,2026-05-08,-0.0030012004801923675,0.0,-0.0018798724,0.48605967,-0.004201680672269115,0.0,-0.0037586335,0.4678528,-0.006002400960384402,0.0,-0.0041166916,0.5045892,48.58571428571429,177,中性
bj920641,2026-05-15,-0.02028169014084502,0.0,-0.0042234287,0.47866195,-0.026478873239436318,0.0,-0.0012784529,0.43905574,-0.06253521126760542,0.0,0.0022765726,0.47060153,48.55714285714286,178,中性
sh601566,2026-05-14,0.034482758620689724,1.0,-0.00066686794,0.49462706,0.03357531760435584,1.0,0.0019626063,0.47540465,0.09346642468239574,1.0,0.0002707027,0.4789541,48.542857142857144,179,中性
sz301201,2026-05-12,-0.02139291656762532,0.0,-0.0022070066,0.5002767,-0.0736867126218208,0.0,-0.0058687236,0.4460854,-0.07535060613263611,0.0,-0.0021338738,0.49151433,48.114285714285714,180,中性
sz301282,2026-05-08,-0.019764105833599,0.0,0.0015877553,0.45976332,-0.040803315269365426,0.0,-8.235611e-05,0.4846168,-0.12240994580809672,0.0,0.0015106059,0.47239527,47.82857142857143,181,中性
bj920726,2026-05-15,-0.011560693641618602,0.0,-0.004726944,0.541406,-0.01734104046242768,0.0,-0.007593812,0.47270608,-0.048628530919402224,0.0,-0.0015884772,0.48738974,47.58571428571429,182,中性
sh688653,2026-05-15,-0.003138731952290974,0.0,-0.0020070958,0.5013016,0.02699309478970524,1.0,-0.0022827764,0.46446595,0.0012554927809165228,1.0,-0.0003369242,0.47860438,47.55714285714286,183,中性
sz002945,2026-05-12,-0.010559006211180222,0.0,-0.0006986201,0.44001347,-0.06583850931677038,0.0,-3.4622848e-05,0.4441119,-0.06583850931677038,0.0,0.0016367175,0.47041023,47.471428571428575,184,中性
bj920826,2026-05-15,0.0010090817356205317,1.0,-0.004183036,0.5172095,-0.011099899091826182,0.0,-0.007446165,0.45326647,0.015136226034309086,1.0,-0.0006445974,0.4791521,47.22857142857143,185,中性
bj920169,2026-05-15,0.006538321830729998,1.0,-0.0038743846,0.5030916,-0.03741373047584473,0.0,-0.004640487,0.4562278,-0.07918634217217602,0.0,0.000101334605,0.4761708,47.042857142857144,186,中性
bj920640,2026-05-15,0.002282453637660664,1.0,-0.004185571,0.5159782,-0.006847360912981326,0.0,-0.005635624,0.46710715,0.023965763195435086,1.0,-0.00041533186,0.4775252,46.614285714285714,187,中性
bj920195,2026-05-15,-0.011479591836734637,0.0,-0.003993896,0.4832934,-0.020408163265306256,0.0,-0.007475899,0.43773508,-0.03316326530612257,0.0,0.0017053373,0.4685747,46.37142857142857,188,中性
bj920418,2026-05-15,-0.03326959847036304,0.0,-0.0014913607,0.48903695,-0.06157738800572743,0.0,-0.0024407548,0.45619467,-0.07049628059906143,0.0,0.00075163913,0.469684,46.18571428571428,189,中性
bj920522,2026-05-15,-0.012592444533280234,0.0,-0.0056971684,0.48578998,-0.02858285028982621,0.0,-0.007833747,0.4429294,-0.010393763741755158,0.0,0.0014873944,0.46887672,46.05714285714285,190,中性
bj920208,2026-05-15,-0.026824978012313205,0.0,-0.003996,0.51583815,-0.03913808267370256,0.0,0.0006490197,0.4767557,-0.08091468777484612,0.0,-0.00030402094,0.47321603,45.800000000000004,191,中性
sz000919,2026-05-15,-0.00588235294117645,0.0,-0.0022940722,0.47499567,-0.016176470588235237,0.0,-0.004510411,0.4429868,-0.0352941176470587,0.0,-0.0009298496,0.47780204,45.7,192,中性
sh600496,2026-05-15,-0.01707317073170722,0.0,-0.00344465,0.47090143,0.02682926829268295,1.0,-0.006268139,0.44828933,-0.012195121951219523,0.0,-0.001182399,0.4778644,45.68571428571428,193,中性
sz300122,2026-05-06,-0.001946787800129579,0.0,-0.0058686053,0.44455525,0.06748864373783259,1.0,-0.008194311,0.43646842,0.012329656067488814,1.0,-0.002311881,0.4779033,44.47142857142857,194,中性
bj920227,2026-05-15,-0.022377622377622197,0.0,-0.0017157585,0.5120017,-0.04584304584304566,0.0,-0.0053024334,0.4531744,-0.0741258741258739,0.0,-0.0012414448,0.47407204,44.18571428571428,195,中性
sz003005,2026-05-13,0.008375209380234505,1.0,-0.0008348793,0.4774624,-0.02010050251256279,0.0,-0.0002860315,0.45300817,-0.054718034617531885,0.0,0.0004402101,0.4677183,44.114285714285714,196,中性
sh601778,2026-05-14,-0.07446808510638292,0.0,-0.00036023633,0.46748036,-0.11303191489361675,0.0,-0.00029191672,0.46327502,-0.18,0.0,0.004653326,0.44951487,43.971428571428575,197,中性
sz300109,2026-05-12,0.002024291497975561,1.0,-0.0012293551,0.47192922,-0.026821862348178405,0.0,-0.0039364356,0.4397442,-0.05465587044534437,0.0,-0.001645109,0.47422448,43.671428571428564,198,中性
bj920690,2026-05-15,-0.041391941391941245,0.0,-0.0046391496,0.50167114,0.09633699633699644,1.0,-0.0025531012,0.4666796,0.018315018315018472,1.0,0.0012357853,0.46416673,43.34285714285714,199,中性
sz300404,2026-05-11,-0.02872531418312385,0.0,-0.002373499,0.4647563,-0.0439856373429085,0.0,0.0028784447,0.44872257,-0.039497307001795656,0.0,-0.00068562553,0.46940032,43.214285714285715,200,中性
bj920943,2026-05-15,-0.023878858474082554,0.0,-0.0036910214,0.508866,-0.03552708211997668,0.0,-0.00925866,0.43673837,-0.09726266744321477,0.0,-0.0015008748,0.47189614,43.042857142857144,201,中性
bj920267,2026-05-15,-0.015752308527973713,0.0,-0.0026600217,0.49778506,-0.007061379684953573,0.0,0.00013011694,0.4617162,-0.049429657794676785,0.0,0.0005621761,0.4648317,43.01428571428571,202,中性
bj920675,2026-05-15,-0.033513513513513615,0.0,-0.0043201526,0.5029354,-0.038918918918918854,0.0,-0.0028948348,0.45187268,-0.07999999999999985,0.0,-0.0028614863,0.47633737,42.92857142857143,203,中性
sz300710,2026-05-11,-0.023262749776319702,0.0,-0.00037191994,0.46273315,0.025946913212049116,1.0,-0.0014281955,0.45213532,0.008947211452430714,1.0,-4.035309e-05,0.4671078,42.75714285714285,204,中性
bj920496,2026-05-15,-0.01148105625717577,0.0,-0.007862105,0.4733394,-0.02296211251435143,0.0,-0.00915845,0.42013925,-0.06429391504018378,0.0,0.00029975697,0.46200076,41.4,205,中性
sz300194,2026-05-14,-0.005012531328320802,0.0,-0.005305352,0.48753455,0.005012531328320691,1.0,-0.0043499884,0.4398155,-0.02506265664160412,0.0,-0.002185467,0.4692741,41.32857142857143,206,中性
sz001258,2026-05-14,-0.0178759200841222,0.0,-0.0041622105,0.44503638,0.10515247108307002,1.0,-0.0016055781,0.43381384,0.08622502628811723,1.0,0.0017230749,0.45279834,40.900000000000006,207,中性
sz003029,2026-05-13,-0.02627939142461977,0.0,-0.00083454436,0.49187723,-0.013831258644537048,0.0,-0.0005986787,0.4501694,-0.030889810972798637,0.0,-0.0026043474,0.4690407,40.84285714285714,208,中性
sz002878,2026-05-15,-0.10020140986908355,0.0,-0.0022215457,0.48704895,-0.18,0.0,-0.006482811,0.4523231,-0.18,0.0,-0.0018212885,0.46835145,40.78571428571429,209,中性
bj920770,2026-05-15,-0.025762711864406818,0.0,-0.0047959797,0.5135016,-0.02576271186440704,0.0,-0.008954691,0.44022697,-0.09288135593220337,0.0,-0.0031028271,0.46952474,40.6,210,中性
sh688646,2026-05-15,0.03754064439846294,1.0,-0.0011576067,0.43110755,0.039018622524386704,1.0,-0.0021412622,0.42942458,0.09030446349394028,1.0,0.00053898245,0.45717734,40.5,211,中性
bj920139,2026-05-15,-0.021681649920677115,0.0,-0.008447091,0.48162383,0.050237969328397636,1.0,-0.010880934,0.4200566,0.005288207297726055,1.0,0.0001434207,0.45839167,40.457142857142856,212,中性
sz301087,2026-05-12,0.007797270955165914,1.0,-2.8099864e-06,0.47016928,-0.016374269005847597,0.0,0.0010804094,0.47127843,-0.04678362573099404,0.0,-0.00051477255,0.4620952,40.285714285714285,213,中性
sh603310,2026-05-14,0.10031152647975072,1.0,0.00093464926,0.49571148,0.0853582554517136,1.0,-0.0003495589,0.46382803,0.04236760124610606,1.0,-0.0010223225,0.4645965,40.02857142857143,214,中性
sz002508,2026-05-14,-0.017543859649122417,0.0,0.00048471204,0.4712738,-0.042763157894736725,0.0,-0.00032857805,0.4484796,-0.04385964912280682,0.0,7.213429e-05,0.45724162,39.885714285714286,215,偏弱
bj920833,2026-05-15,-0.021052631578947323,0.0,-0.0054582944,0.49909624,-0.010526315789473717,0.0,-0.005310506,0.4550095,-0.044736842105263186,0.0,-0.000917837,0.46244195,39.67142857142857,216,偏弱
sh688500,2026-05-08,-0.014859437751003957,0.0,-0.000144938,0.44308493,-0.014859437751003957,0.0,-0.00096033514,0.4628175,0.18,1.0,-0.0031419606,0.46794966,38.9,217,偏弱
bj920436,2026-05-15,-0.02200825309491028,0.0,-0.0037488844,0.48930246,-0.028885832187070193,0.0,-0.009231652,0.43267545,-0.06877579092159536,0.0,-0.003530264,0.46747902,37.74285714285715,218,偏弱
sh603626,2026-05-08,-0.002888086642599208,0.0,0.00038126035,0.4472556,-0.049097472924187646,0.0,-0.0004979849,0.43692222,-0.07761732851985559,0.0,-0.0038369342,0.4662333,37.08571428571429,219,偏弱
sz002963,2026-05-13,0.04468664850136239,1.0,-0.00060898997,0.47850582,0.0741144414168935,1.0,-0.0015501116,0.44904953,0.12752043596730234,1.0,-0.0027208799,0.460901,37.01428571428572,220,偏弱
bj920415,2026-05-14,0.0008163265306122547,1.0,-0.0032717064,0.48976085,0.0065306122448980375,1.0,-0.0029554013,0.4377412,-0.047346938775510106,0.0,-0.002201949,0.4583731,36.77142857142857,221,偏弱
bj920092,2026-05-15,0.18,1.0,-0.003538973,0.49553436,0.14044750430292585,1.0,-0.005136278,0.44378075,0.16351118760757277,1.0,-0.0016425885,0.4544067,36.34285714285714,222,偏弱
sh688569,2026-05-14,-0.010695187165775333,0.0,-0.0004037697,0.5023737,0.001944579484686182,1.0,0.0005827419,0.46278533,-0.023334953816237403,0.0,-0.0003429167,0.44795614,36.31428571428572,223,偏弱
bj920748,2026-05-15,-0.012227855651655295,0.0,-0.004000674,0.46556294,-0.04533253802564874,0.0,-0.008259918,0.41675338,-0.08201610498061429,0.0,-0.0006478064,0.45024213,36.25714285714286,224,偏弱
sh600338,2026-05-13,-0.049781659388646204,0.0,0.0012780972,0.51503456,-0.0729257641921397,0.0,-0.0013199229,0.4733864,-0.100873362445415,0.0,-0.0031192496,0.4605707,36.128571428571426,225,偏弱
sz300591,2026-05-12,-0.011820330969267268,0.0,-0.0018996749,0.4818703,-0.015366430260047359,0.0,-0.0012648117,0.45175996,-0.015366430260047137,0.0,-0.0051964177,0.46639955,35.97142857142857,226,偏弱
sh603696,2026-05-12,0.0077071290944121795,1.0,-0.0029276805,0.47631076,-0.03339755940912015,0.0,-0.0021444191,0.42791793,-0.038535645472061675,0.0,-0.0054439753,0.46766374,35.92857142857143,227,偏弱
bj920001,2026-05-15,-0.06787878787878765,0.0,-0.0032715425,0.43118626,-0.07999999999999996,0.0,-0.0059599276,0.41147962,0.05090909090909124,1.0,0.0013012097,0.43740678,35.82857142857143,228,偏弱
sh600566,2026-05-13,0.014010507880910739,1.0,0.00018711388,0.46230972,-0.030472854640980818,0.0,-0.0010211009,0.44984603,0.006654991243432384,1.0,-0.001477018,0.45274863,35.714285714285715,229,偏弱
sh605555,2026-05-11,-0.023016353725015315,0.0,-0.008223089,0.42566672,-0.0563294972743793,0.0,-0.018784175,0.37644154,0.006056935190793311,1.0,-0.0051803337,0.46532,35.7,230,偏弱
sh688188,2026-05-08,0.03310696095076415,1.0,0.0033970722,0.45685783,0.08756693221888456,1.0,0.0010617252,0.44260615,0.07627007966566501,1.0,-0.0042994916,0.4637944,35.65714285714286,231,偏弱
sz300730,2026-05-11,-0.03887826641172709,0.0,0.0016371697,0.43530312,0.04716379859783326,1.0,0.0005266573,0.44741195,-0.018483110261312552,0.0,-0.0028486475,0.45577034,35.22857142857143,232,偏弱
sz003816,2026-05-12,0.012578616352201255,1.0,-0.0013770175,0.46367374,0.002096436058700357,1.0,0.0023645184,0.47372738,0.025157232704402732,1.0,-0.0026603534,0.4534928,35.07142857142857,233,偏弱
sz301609,2026-05-15,0.020490156689433325,1.0,-0.003462417,0.45350328,0.007834471675371546,1.0,-0.008118923,0.41401204,-0.020891924467657863,0.0,-0.0005359814,0.4455555,34.98571428571429,234,偏弱
bj920207,2026-05-14,0.0071428571428568954,1.0,-0.0021913913,0.4766501,0.030714285714285472,1.0,-0.002569348,0.4273922,-0.06428571428571439,0.0,0.0008982286,0.4300547,34.68571428571428,235,偏弱
bj920454,2026-05-15,-0.02038043478260876,0.0,-0.0058923964,0.4535383,-0.026494565217391464,0.0,-0.012091475,0.4053613,-0.05910326086956541,0.0,-0.0033868789,0.45691815,34.614285714285714,236,偏弱
sh688066,2026-05-13,-0.05338809034907577,0.0,0.0032066987,0.4833759,-0.015058179329226373,0.0,-0.0018805225,0.4554237,-0.006844626967830281,0.0,-0.003109601,0.45351976,34.55714285714286,237,偏弱
sz001337,2026-05-06,0.0025773195876286348,1.0,-0.00666022,0.39343145,0.028522336769759127,1.0,-0.008896401,0.38119733,-0.004918500662276393,0.0,-0.0027918308,0.45125765,34.128571428571426,238,偏弱
sh603033,2026-05-15,-0.008620689655172376,0.0,0.0011757419,0.44301337,-0.03879310344827569,0.0,-0.0071239443,0.4190936,-0.04827586206896539,0.0,-0.0005845964,0.4367219,32.84285714285714,239,偏弱
sh688591,2026-05-11,-0.020157995096703796,0.0,-0.0021697793,0.45006686,-0.013347861618087542,0.0,-0.0022468467,0.43717223,-0.010623808226641218,0.0,-0.0056788833,0.4598666,32.84285714285714,240,偏弱
bj920429,2026-05-15,-0.027602523659305822,0.0,-0.0031000106,0.47086993,-0.0496845425867507,0.0,-0.007514541,0.42639115,-0.08517350157728709,0.0,-0.0032143607,0.44858977,32.3,241,偏弱
sz300828,2026-05-08,0.06290322580645147,1.0,0.0023872866,0.42526737,0.050000000000000044,1.0,-0.0020589773,0.41527885,0.05604838709677429,1.0,-0.003418894,0.4495094,32.285714285714285,242,偏弱
bj920060,2026-05-13,-0.05484247374562434,0.0,-0.0016891498,0.43871707,-0.061260210035005924,0.0,-0.004830328,0.42221645,-0.08051341890315056,0.0,-0.001469773,0.43919095,32.1,243,偏弱
bj920171,2026-05-15,-0.005137786081270357,0.0,-0.001922214,0.48408365,-0.05044371788883728,0.0,-0.007406606,0.4396427,-0.05044371788883728,0.0,-0.003119527,0.4448187,31.200000000000003,244,偏弱
bj920090,2026-05-15,-0.03522504892367917,0.0,-0.0035857596,0.45110103,-0.0998043052837575,0.0,-0.007877013,0.41247207,-0.15851272015655582,0.0,-0.004052438,0.4455869,30.67142857142857,245,偏弱
sz301112,2026-05-08,0.016406890894175685,1.0,-0.00039354153,0.46018675,-0.00437517090511319,0.0,-0.0018144731,0.42888343,0.029258955427946765,1.0,-0.006227265,0.4509053,29.74285714285714,246,偏弱
bj920685,2026-05-15,-0.02654176424668242,0.0,-0.0022497284,0.5111586,0.014051522248243353,1.0,-0.0018866528,0.4558706,-0.03278688524590179,0.0,-0.00418247,0.44332528,29.728571428571428,247,偏弱
sh688627,2026-05-08,0.14759999999999995,1.0,-0.00023309476,0.4879987,0.18,1.0,-0.0034626622,0.42567357,0.17813333333333325,1.0,-0.008168821,0.4533943,29.685714285714283,248,偏弱
bj920706,2026-05-14,0.004041311180960738,1.0,-0.00072799064,0.47673553,0.013920071845531679,1.0,-0.0004874166,0.4178878,-0.010776829815895894,0.0,-0.0026461645,0.4278704,29.228571428571428,249,偏弱
sz301021,2026-05-11,-0.025930951304085625,0.0,0.00027788727,0.4330263,0.06301824212272011,1.0,-0.006468281,0.41103196,0.1460877431026686,1.0,-0.005800432,0.4472144,28.742857142857144,250,偏弱
bj920570,2026-05-14,-0.056265206812652235,0.0,-0.003475646,0.479158,-0.07177615571776141,0.0,-0.008053313,0.41242802,-0.14111922141119215,0.0,-0.00536716,0.44358924,28.614285714285717,251,偏弱
bj920799,2026-05-15,-0.0071983875611865145,0.0,-0.0045062313,0.47546715,-0.016700259141952167,0.0,-0.013415486,0.41690668,-0.08062194068528628,0.0,-0.004641394,0.44036278,28.585714285714285,252,偏弱
bj920018,2026-05-15,-0.024717514124293904,0.0,-0.005408615,0.4661358,-0.0374293785310732,0.0,-0.009399904,0.40925366,-0.07062146892655341,0.0,-0.0053788098,0.44284245,28.142857142857142,253,偏弱
sz002568,2026-05-11,-0.02076502732240415,0.0,-0.0013032698,0.4938229,-0.004918032786885074,0.0,-0.0009934027,0.4541801,-0.03005464480874287,0.0,-0.006508595,0.44643033,28.057142857142857,254,偏弱
sh605338,2026-05-13,-0.007289879931389409,0.0,-0.0018627666,0.42022476,0.004288164665523286,1.0,-0.0073178946,0.39488053,-0.03367772454775475,0.0,-0.003448218,0.42912266,27.91428571428571,255,偏弱
sh603120,2026-05-15,-0.00018765246762986187,0.0,-0.0013199303,0.40268484,0.03790579846124986,1.0,-0.010450587,0.38204578,0.03621692625258022,1.0,-0.0042262687,0.4321073,27.771428571428572,256,偏弱
bj920275,2026-05-14,-0.02506963788300831,0.0,-0.0025458015,0.4823086,-0.02785515320334253,0.0,-0.00441929,0.41790068,-0.0710306406685236,0.0,-0.004363945,0.4339099,27.757142857142853,257,偏弱
sh600789,2026-05-08,0.04014167650531286,1.0,4.960075e-05,0.42165717,-0.009445100354191105,0.0,-0.0025464583,0.40761906,-0.024793388429751984,0.0,-0.008774459,0.44785112,27.428571428571427,258,偏弱
sh688671,2026-05-15,0.012653374233128956,1.0,-0.00097065046,0.4725434,0.015720858895705625,1.0,-0.0040912377,0.42889655,0.005368098159509005,1.0,-0.005403249,0.43806142,27.114285714285714,259,偏弱
sz300165,2026-05-14,0.005494505494505475,1.0,-0.0026730062,0.4984315,-0.052197802197802345,0.0,-0.0071399002,0.41996208,-0.10027472527472547,0.0,-0.0050478876,0.43001083,26.800000000000004,260,偏弱
sh601127,2026-05-08,-0.012292358803986603,0.0,-0.00020413399,0.47693285,-0.03145071982281289,0.0,-9.664558e-05,0.428777,-0.0779623477297895,0.0,-0.0076256515,0.4405627,26.17142857142857,261,偏弱
sh601728,2026-05-08,0.014876033057851235,1.0,-0.0010657009,0.39312768,0.026446280991735627,1.0,-0.005442384,0.39350834,0.04628099173553735,1.0,-0.0028286441,0.40787157,25.857142857142858,262,偏弱
sh688001,2026-05-08,-0.035211267605633756,0.0,-0.00019216313,0.443484,-0.023317683881064144,0.0,0.0012543567,0.45237234,-0.09248826291079804,0.0,-0.0034840896,0.41492456,25.771428571428572,263,偏弱
sh688103,2026-05-12,0.04705882352941182,1.0,-0.004261018,0.4253435,0.027980922098569172,1.0,-0.0032572027,0.41316444,0.048807631160572296,1.0,-0.0050774114,0.42598996,25.771428571428572,264,偏弱
sz300740,2026-05-12,0.002960769800148144,1.0,-0.00079607405,0.48900306,-0.043301258327164915,0.0,-0.0038849388,0.43262565,-0.022945965951147174,0.0,-0.008815298,0.44200012,25.65714285714286,265,偏弱
bj920957,2026-05-15,-0.024137931034482696,0.0,-0.0038740293,0.48349938,-0.006896551724137945,0.0,-0.0068973913,0.41701755,-0.06465517241379315,0.0,-0.00485674,0.42436433,25.414285714285715,266,偏弱
bj920299,2026-05-15,-0.011794439764111209,0.0,-0.0063027376,0.47670746,-0.03833192923336137,0.0,-0.01305089,0.39656478,-0.04591406908171858,0.0,-0.0053159697,0.42571715,25.185714285714283,267,偏弱
bj920394,2026-05-15,-0.0266260162601627,0.0,-0.0054917303,0.4701873,-0.033333333333333326,0.0,-0.011257423,0.4069102,0.0008130081300812275,1.0,-0.0063542575,0.4260913,24.25714285714286,268,偏弱
sh688216,2026-05-15,0.004461795872839014,1.0,-0.006883254,0.43873656,0.04768544339096503,1.0,-0.007964246,0.39805645,0.003904071388734165,1.0,-0.005733058,0.42527115,24.2,269,偏弱
sz301608,2026-05-14,-0.014851485148514754,0.0,-0.0018982373,0.46611676,-0.0024752475247522554,0.0,-0.004481894,0.40847847,-0.06159770388803565,0.0,-0.0046736957,0.40940443,23.842857142857145,270,偏弱
bj920098,2026-05-15,-0.039176090468497904,0.0,-0.0053110267,0.447527,-0.05169628432956397,0.0,-0.013627134,0.39274716,-0.06663974151857843,0.0,-0.0054542525,0.4099342,23.200000000000003,271,偏弱
sh688003,2026-05-08,-0.0071905495634307925,0.0,0.0011618838,0.4666985,0.18,1.0,-0.002935237,0.4386626,0.18,1.0,-0.0091979625,0.42679074,22.742857142857147,272,偏弱
bj920395,2026-05-13,-0.012036108324974926,0.0,-0.002744569,0.45349014,-0.059177532597793236,0.0,-0.0042915745,0.40567613,0.0030090270812437314,1.0,-0.005832502,0.409771,22.228571428571428,273,偏弱
sh688095,2026-05-13,-0.0385332504661281,0.0,-0.0039871344,0.45332286,-0.005717837165941653,0.0,-0.0041391617,0.4097208,-0.0006215040397762328,0.0,-0.008467488,0.41677132,22.057142857142857,274,偏弱
sz301512,2026-05-14,-0.005730129390018379,0.0,-0.001560349,0.46530247,-0.027171903881700432,0.0,-0.0044580023,0.40760854,-0.04048059149722727,0.0,-0.005602403,0.40306982,21.614285714285714,275,偏弱
bj920873,2026-05-15,-0.028761061946902422,0.0,-0.007006485,0.46328205,-0.051991150442477596,0.0,-0.014956282,0.3963189,-0.05862831858407069,0.0,-0.00945086,0.42258048,21.42857142857143,276,偏弱
sz300418,2026-05-13,-0.08235073928504588,0.0,-0.0029177445,0.44992125,-0.08384802545386483,0.0,-0.004418508,0.3948555,-0.10630731798615023,0.0,-0.008981699,0.41172916,21.085714285714285,277,偏弱
sh688146,2026-05-12,0.18,1.0,0.0014635026,0.44850338,0.18,1.0,-0.006425212,0.44009602,0.18,1.0,-0.0072587295,0.4040749,20.7,278,偏弱
sh688535,2026-05-13,-0.014548238897396537,0.0,-0.0019496295,0.41444957,0.16828313765526604,1.0,-0.0025237617,0.38350856,0.18,1.0,-0.006577918,0.40096366,20.52857142857143,279,偏弱
bj920225,2026-05-15,-0.0051751592356689136,0.0,-0.0029206402,0.4435975,0.00039808917197436955,1.0,-0.014705569,0.37374374,-0.04578025477707015,0.0,-0.008512189,0.40601742,20.47142857142857,280,偏弱
bj920344,2026-05-15,-0.021739130434782594,0.0,0.00044544862,0.47750422,-0.02410207939508513,0.0,-0.0061525134,0.40271303,-0.03449905482041593,0.0,-0.006915173,0.39973697,20.057142857142857,281,偏弱
bj920575,2026-05-15,-0.0389016018306636,0.0,-0.0016973696,0.48715425,-0.07322654462242595,0.0,-0.011647329,0.41509646,-0.13958810068649896,0.0,-0.011525901,0.4175987,19.942857142857143,282,弱
sh601500,2026-05-14,-0.0066079295154183315,0.0,-0.0036354524,0.45814693,-0.008810572687224627,0.0,-0.005301065,0.41213349,-0.033039647577092546,0.0,-0.0088929925,0.40532836,19.885714285714286,283,弱
bj920047,2026-05-15,-0.03656597774244841,0.0,-0.0013456449,0.41284987,-0.03974562798092207,0.0,-0.016782496,0.356202,-0.035930047694753386,0.0,-0.0052275895,0.38734505,19.714285714285715,284,弱
bj920106,2026-05-15,-0.057855722292532885,0.0,-0.0066438266,0.4548329,-0.13144096908334835,0.0,-0.01619352,0.3638386,-0.13379135780148266,0.0,-0.010161062,0.40050325,18.042857142857144,285,弱
bj920167,2026-05-15,-0.01108312342569262,0.0,-0.004342742,0.46022633,0.011083123425692731,1.0,-0.014727779,0.3838515,-0.03879093198992456,0.0,-0.012832004,0.40984184,17.914285714285715,286,弱
sz000988,2026-05-12,-0.01428967813540527,0.0,-0.00022357516,0.42862913,-0.07061598224195365,0.0,-0.009717733,0.39715192,0.09877913429522733,1.0,-0.009207435,0.39437994,17.814285714285713,287,弱
bj920579,2026-05-15,-0.028948704926358704,0.0,-0.0042965477,0.42849115,-0.05027932960893866,0.0,-0.012484876,0.37183514,-0.07160995429151851,0.0,-0.009013477,0.39088944,17.271428571428572,288,弱
sh688368,2026-05-06,0.011087420042643625,1.0,-0.009123288,0.37804633,0.025098994821809217,1.0,-0.019029405,0.35326657,0.006640268047517273,1.0,-0.008850815,0.3885212,17.2,289,弱
sz001331,2026-05-13,-0.012090773809523947,0.0,-0.0067929826,0.3546392,0.05970982142857095,1.0,-0.019557398,0.33467522,0.05840773809523769,1.0,-0.011010788,0.3952121,16.985714285714288,290,弱
bj920970,2026-05-15,-0.007342143906020393,0.0,-0.0042214645,0.47443733,-0.001468428781204123,0.0,-0.011991879,0.39580676,-0.027900146842878004,0.0,-0.011856221,0.39699706,16.87142857142857,291,弱
bj920870,2026-05-15,-0.028758169934640865,0.0,-0.0053356383,0.44773692,0.0,0.0,-0.013136551,0.36803722,-0.021568627450980538,0.0,-0.009468177,0.38888857,16.685714285714287,292,弱
sh688783,2026-05-15,-0.01324698263173374,0.0,-0.010015825,0.37233832,0.027377097438916698,1.0,-0.021560114,0.3290189,-0.017368266117162134,0.0,-0.0058156596,0.36675,16.571428571428573,293,弱
bj920007,2026-05-14,-0.029057017543859587,0.0,-0.0042838156,0.4437604,-0.03618421052631582,0.0,-0.009596946,0.38456348,-0.09904970760233933,0.0,-0.010633379,0.39421847,16.54285714285714,294,弱
bj920978,2026-05-15,-0.03371647509578579,0.0,-0.0038808002,0.4533161,-0.07318007662835246,0.0,-0.0071930154,0.39832076,-0.08275862068965523,0.0,-0.01038857,0.39207634,16.457142857142856,295,弱
sh688178,2026-05-06,-0.01909495160868424,0.0,-0.005049673,0.39433795,-0.006016217630133269,0.0,-0.013815472,0.3488929,-0.03374313366466142,0.0,-0.011949988,0.3942422,15.82857142857143,296,弱
sz000978,2026-05-13,-0.03343465045592697,0.0,-0.0013436616,0.4787181,-0.03191489361702138,0.0,-0.0068895565,0.4134291,-0.016717325227963764,0.0,-0.012803796,0.3949537,15.6,297,弱
sh603336,2026-05-12,0.020193861066235774,1.0,-7.526241e-05,0.4453766,-0.015347334410339752,0.0,-0.006443636,0.39974603,0.007269789983844532,1.0,-0.007894784,0.36051396,15.485714285714286,298,弱
sh600298,2026-05-13,0.0,0.0,-0.007081413,0.39660588,-0.021798365122615904,0.0,-0.009467343,0.3455434,-0.014986376021798531,0.0,-0.01012707,0.37506917,15.085714285714285,299,弱
bj920725,2026-05-15,0.014628073451602885,1.0,-0.0054726056,0.4340905,0.0034235916588858384,1.0,-0.012473866,0.36109868,0.07998755057578588,1.0,-0.010898109,0.38177297,15.042857142857144,300,弱
bj920510,2026-05-14,0.08836075563680645,1.0,-0.003618221,0.44051522,0.051188299817184646,1.0,-0.008804271,0.3731369,0.007921998781230677,1.0,-0.010052134,0.36941898,14.628571428571426,301,弱
bj920037,2026-05-14,-0.023779270284988274,0.0,-0.0004562225,0.4852359,-0.05863133055000935,0.0,-0.005235362,0.3961413,-0.1051007442367039,0.0,-0.011880472,0.3803139,14.357142857142858,302,弱
sh605158,2026-05-15,-0.021871202916160404,0.0,-0.0050760848,0.43085876,-0.04860267314702327,0.0,-0.013950994,0.38500485,-0.0789793438639127,0.0,-0.012356478,0.38686174,14.028571428571428,303,弱
sh688373,2026-05-13,-0.02300884955752225,0.0,-0.005453582,0.40216455,-0.06194690265486735,0.0,-0.013270052,0.35023135,-0.08849557522123896,0.0,-0.011371749,0.37321296,13.914285714285715,304,弱
bj920118,2026-05-13,-0.0585645090268605,0.0,-0.0045050834,0.41102332,-0.04315279612505507,0.0,-0.007844356,0.3663248,-0.03566710700132092,0.0,-0.011907672,0.37474495,13.700000000000001,305,弱
sh688252,2026-05-12,0.0004198152812762146,1.0,-0.0033142448,0.39644665,-0.002938706968933391,0.0,-0.011202748,0.37002337,0.007976490344248965,1.0,-0.012242647,0.37879688,13.571428571428573,306,弱
bj920368,2026-05-15,-0.02785145888594165,0.0,-0.006307936,0.38828832,-0.06587091069849682,0.0,-0.02130499,0.31555378,-0.12245800176834631,0.0,-0.011968066,0.36023337,12.014285714285716,307,弱
bj920242,2026-05-15,-0.01386687797147379,0.0,-0.0068868026,0.41710928,0.0,0.0,-0.015567757,0.34622177,-0.02931854199683026,0.0,-0.010137829,0.35021034,12.014285714285714,308,弱
bj920402,2026-05-15,-0.058939096267190405,0.0,-0.0068195895,0.4220673,0.03929273084479368,1.0,-0.014726016,0.35754412,-0.011787819253438081,0.0,-0.013925011,0.367126,11.942857142857143,309,弱
bj920578,2026-05-15,-0.05118110236220452,0.0,-0.0070184693,0.40067703,-0.07332677165354329,0.0,-0.017806526,0.34156767,-0.10334645669291331,0.0,-0.010852774,0.35045877,11.8,310,弱
bj920533,2026-05-15,-0.03419767004885366,0.0,-0.0059311287,0.41980642,-0.08004509582863584,0.0,-0.01865472,0.3437248,-0.08380308154828997,0.0,-0.014207883,0.3668187,11.557142857142857,311,弱
bj920834,2026-05-15,-0.02170418006430863,0.0,-0.004686125,0.39265752,-0.01205787781350487,0.0,-0.013274981,0.3306838,-0.06993569131832789,0.0,-0.012187885,0.3568312,11.442857142857143,312,弱
bj920339,2026-05-15,-0.011848341232227444,0.0,-0.008024398,0.3834501,0.0035545023696683664,1.0,-0.016309086,0.32909897,0.01426017439409022,1.0,-0.011978239,0.35555458,11.17142857142857,313,弱
bj920541,2026-05-15,-0.032565528196981886,0.0,-0.00610873,0.40636227,-0.05083399523431309,0.0,-0.014147013,0.33789036,-0.08022239872915016,0.0,-0.0131947305,0.35605007,10.657142857142857,314,弱
sh603048,2026-05-15,-0.00471900471900466,0.0,-0.007255526,0.40664956,-0.013728013728013688,0.0,-0.014047086,0.34438697,-0.03861003861003842,0.0,-0.015408231,0.3604278,10.6,315,弱
sh600106,2026-05-13,-0.009966777408637939,0.0,-0.002251635,0.39074698,-0.02491694352159457,0.0,-0.01246998,0.35242325,-0.021594684385382146,0.0,-0.013037136,0.353655,10.385714285714286,316,弱
sz301500,2026-05-14,-0.03264490339773485,0.0,-0.002932534,0.43787235,-0.08760826115922715,0.0,-0.009908539,0.36058426,-0.12191872085276467,0.0,-0.015521993,0.35703796,10.028571428571428,317,弱
bj920751,2026-05-15,-0.014742014742014864,0.0,-0.008151144,0.4224004,-0.06388206388206397,0.0,-0.01502831,0.33931467,-0.050778050778050865,0.0,-0.0099220965,0.33392066,9.9,318,弱
bj920003,2026-05-15,-0.010512902198152596,0.0,-0.0041060424,0.4048982,-0.03090156100669006,0.0,-0.013261162,0.32314765,-0.04428161834979316,0.0,-0.0082998425,0.32080597,9.714285714285715,319,弱
sz300420,2026-05-15,-0.017897091722595126,0.0,-0.005655254,0.3734218,0.04026845637583909,1.0,-0.02331551,0.29853445,0.017897091722595126,1.0,-0.014084098,0.34810457,9.428571428571429,320,弱
sz002737,2026-05-13,-0.0073475385745774835,0.0,-0.0015028134,0.41605553,-0.02865540044085213,0.0,-0.006845382,0.37179884,-0.03967670830271841,0.0,-0.013365395,0.34594947,9.257142857142856,321,弱
sz002867,2026-05-14,-0.012509773260359625,0.0,-0.0043009804,0.42303857,-0.012509773260359958,0.0,-0.0116920965,0.36637864,-0.020328381548084806,0.0,-0.0144785065,0.34406784,8.485714285714284,322,弱
sz301278,2026-05-08,-0.0074198180947820935,0.0,-0.001940259,0.39142752,-0.011967448539971115,0.0,-0.015488523,0.33808732,-0.04427955959789376,0.0,-0.016039414,0.3477272,8.242857142857144,323,弱
bj920651,2026-05-15,-0.013409961685823646,0.0,-0.00476215,0.43321577,-0.022222222222222254,0.0,-0.012409449,0.3324436,-0.06475095785440632,0.0,-0.01460817,0.34152284,7.828571428571429,324,弱
sh688246,2026-05-13,-0.0021141649048626032,0.0,-0.0038279227,0.4248739,0.028329809725158306,1.0,-0.009994468,0.3613091,0.024101479915432655,1.0,-0.01736587,0.34565282,7.571428571428571,325,弱
bj920526,2026-05-15,-0.05744849445324873,0.0,-0.0056233173,0.4315117,0.017828843106180825,1.0,-0.013490717,0.3423862,0.05546751188589538,1.0,-0.014625999,0.3378666,7.357142857142858,326,弱
sz002263,2026-05-13,-0.03818615751789978,0.0,-0.0007673789,0.4348545,-0.059665871121718506,0.0,-0.010618341,0.3559514,-0.07637231503579955,0.0,-0.016407948,0.34356776,7.300000000000001,327,弱
sh688071,2026-05-15,0.028183716075156573,1.0,-0.0048868917,0.36890996,0.05036534446764107,1.0,-0.014022383,0.32297388,0.0018267223382049114,1.0,-0.015428956,0.3354243,6.9714285714285715,328,弱
bj920971,2026-05-15,0.013297872340425565,1.0,-0.0098606,0.40723565,0.06582446808510656,1.0,-0.024821082,0.31098115,0.14494680851063824,1.0,-0.01908687,0.34155047,6.714285714285714,329,弱
sz001367,2026-05-08,0.03316326530612246,1.0,-0.0021240697,0.43519652,0.019866040972262633,1.0,-0.008326413,0.3747034,0.0006394084445076054,1.0,-0.020761695,0.33869073,6.042857142857143,330,弱
sh688605,2026-05-14,0.06564341510209659,1.0,-0.0071208477,0.3575191,0.11525284363437027,1.0,-0.01698283,0.30496377,0.053857749760175544,1.0,-0.01597451,0.3310177,5.742857142857143,331,弱
sz300298,2026-05-13,-0.005903187721369663,0.0,-0.001433837,0.4272305,-0.01416765053128699,0.0,-0.009907389,0.36001545,-0.012396694214876103,0.0,-0.016138433,0.33108968,5.728571428571429,332,弱
bj920509,2026-05-14,-0.005389221556886259,0.0,-0.0065154834,0.40069768,-0.02305389221556875,0.0,-0.014475991,0.3308953,-0.033532934131736414,0.0,-0.015915807,0.33020255,5.657142857142857,333,弱
bj920693,2026-05-15,-0.018530351437699766,0.0,-0.010445163,0.41871625,0.04952076677316297,1.0,-0.020827526,0.32424098,-0.004792332268370614,0.0,-0.017544392,0.33301628,5.614285714285714,334,弱
bj920489,2026-05-12,0.06400000000000028,1.0,-0.005494126,0.40344992,0.06866666666666688,1.0,-0.017224984,0.32000458,0.06800000000000006,1.0,-0.021366335,0.3339624,5.2857142857142865,335,弱
sh688520,2026-05-12,-0.013379469434832703,0.0,-0.0042237453,0.35371116,-0.028835063437139707,0.0,-0.01786207,0.3068296,-0.03483275663206453,0.0,-0.01760201,0.3299458,4.771428571428571,336,弱
sz300619,2026-05-12,-0.032198899531281855,0.0,-0.0058705844,0.37685025,-0.07723660077440386,0.0,-0.016647803,0.33616325,-0.01793356429590376,0.0,-0.019954178,0.3269051,4.385714285714286,337,弱
bj920471,2026-05-15,-0.08653846153846156,0.0,-0.004999087,0.38596812,-0.15192307692307705,0.0,-0.018762454,0.30423814,-0.16923076923076907,0.0,-0.020262789,0.3148781,3.542857142857143,338,弱
bj920802,2026-05-15,-0.020791415157612403,0.0,-0.008346884,0.3683065,-0.014084507042253613,0.0,-0.025618747,0.29523593,-0.07780013413816222,0.0,-0.023028819,0.32579955,3.3000000000000003,339,弱
bj920433,2026-05-15,-0.035916824196597474,0.0,-0.004658284,0.396264,-0.03402646502835538,0.0,-0.019972567,0.30055624,-0.047258979206049156,0.0,-0.022784311,0.3197434,3.0285714285714285,340,弱
bj920152,2026-05-15,-0.026417171161255082,0.0,-0.009773796,0.34465438,-0.009906439185470961,0.0,-0.028780218,0.25635368,-0.005503577325261744,0.0,-0.021734525,0.29131663,2.9571428571428573,341,弱
sh688530,2026-05-14,0.005338733431516918,1.0,-0.0066231107,0.36015463,0.0668262150220913,1.0,-0.024617096,0.28239313,-0.08873343151693669,0.0,-0.022777237,0.27813926,2.3857142857142857,342,弱
bj920002,2026-05-13,-0.06297924547592271,0.0,-0.0034394101,0.3230252,-0.01799407013597809,0.0,-0.020419557,0.27073258,-0.04672323893262453,0.0,-0.024817813,0.27995643,2.1714285714285717,343,弱
bj920111,2026-05-14,0.012727272727272476,1.0,-0.0039797546,0.3847916,0.01575757575757586,1.0,-0.021220053,0.2830904,-0.10818181818181816,0.0,-0.02119076,0.25411248,2.0428571428571427,344,弱
sh688120,2026-05-14,0.06790419161676642,1.0,-0.005014656,0.3057841,0.10818363273453113,1.0,-0.02092706,0.26653644,0.11776447105788401,1.0,-0.021876948,0.25841078,1.9285714285714284,345,弱
bj920174,2026-05-15,-0.03842412451361865,0.0,-0.0041491226,0.35039666,-0.07222762645914393,0.0,-0.018044772,0.27137333,-0.08560311284046684,0.0,-0.023581807,0.27237752,1.9,346,弱
bj920765,2026-05-15,-0.06543209876543199,0.0,-0.010722613,0.31627902,-0.09691358024691354,0.0,-0.036333606,0.21606964,-0.11111111111111094,0.0,-0.031431504,0.26742464,1.3142857142857143,347,弱
sz002428,2026-05-13,-0.04245887104718726,0.0,-0.005131101,0.34522632,-0.09920204905920593,0.0,-0.023325007,0.2555056,-0.10353659737956833,0.0,-0.025883948,0.25344768,0.9571428571428572,348,弱
bj920719,2026-05-15,-0.056768558951964754,0.0,-0.013965553,0.30033278,-0.055021834061135144,0.0,-0.033338703,0.20476629,-0.08122270742358062,0.0,-0.030006647,0.22826664,0.4857142857142857,349,弱
sz001223,2026-05-15,-0.04011461318051568,0.0,-0.007931838,0.2835009,-0.05744985673352421,0.0,-0.028790414,0.21694978,-0.05272206303724902,0.0,-0.034289043,0.23291156,0.4714285714285714,350,弱
