date,group,mean_return,n
2024-01-02,1,-0.1105927002887584,16
2024-01-02,2,-0.08261644528022348,15
2024-01-02,3,-0.10350255299314798,16
2024-01-02,4,-0.10209262525136426,15
2024-01-02,5,-0.09716982003126316,16
2024-01-03,1,-0.11003354332703959,16
2024-01-03,2,-0.10405172821416162,15
2024-01-03,3,-0.07761304736688025,16
2024-01-03,4,-0.11287894317590562,15
2024-01-03,5,-0.08795676561750707,16
2024-01-04,1,-0.08701797672261102,16
2024-01-04,2,-0.09418799574179199,15
2024-01-04,3,-0.10048846038955211,16
2024-01-04,4,-0.10762331510737777,15
2024-01-04,5,-0.11521850581075806,16
2024-01-05,1,-0.10109062125440718,16
2024-01-05,2,-0.1133107092283234,15
2024-01-05,3,-0.11662819319121817,16
2024-01-05,4,-0.10909444886953831,15
2024-01-05,5,-0.11028819967280255,16
2024-01-08,1,-0.08437116427779534,16
2024-01-08,2,-0.11016467118402631,15
2024-01-08,3,-0.10485849201870406,16
2024-01-08,4,-0.09743859783870529,15
2024-01-08,5,-0.1189189189189189,16
2024-01-09,1,-0.0553092536690924,16
2024-01-09,2,-0.044106236809738124,15
2024-01-09,3,-0.0411757075541268,16
2024-01-09,4,-0.04192881629353669,15
2024-01-09,5,-0.037790878337878704,16
2024-01-10,1,-0.06170138508136822,16
2024-01-10,2,-0.0812991563457101,15
2024-01-10,3,-0.07478225403895923,16
2024-01-10,4,-0.0838985805929982,15
2024-01-10,5,-0.08217026401183071,16
2024-01-11,1,-0.054591336331095065,16
2024-01-11,2,-0.05251291074540843,15
2024-01-11,3,-0.06343305500696243,16
2024-01-11,4,-0.039731588862729914,15
2024-01-11,5,-0.05465597139569632,16
2024-01-12,1,0.038845458259466975,16
2024-01-12,2,0.0749068837276882,15
2024-01-12,3,0.07373209972192062,16
2024-01-12,4,0.09903666356337285,15
2024-01-12,5,0.09648082833613039,16
2024-01-15,1,0.015032035970511413,16
2024-01-15,2,0.057645166389908145,15
2024-01-15,3,0.08287912525362048,16
2024-01-15,4,0.06041762315850246,15
2024-01-15,5,0.0987425317843779,16
2024-01-16,1,-0.007720478893340051,16
2024-01-16,2,0.009566108780240697,15
2024-01-16,3,0.023303490150947646,16
2024-01-16,4,0.01997415263122777,15
2024-01-16,5,0.021684663742931265,16
2024-01-17,1,0.016477481552135763,16
2024-01-17,2,0.02623178481375447,15
2024-01-17,3,0.05079850654652623,16
2024-01-17,4,0.026191650660284563,15
2024-01-17,5,0.03306992920506242,16
2024-01-18,1,-0.013831647068976917,16
2024-01-18,2,-0.022241148813567483,15
2024-01-18,3,-0.013695396644410704,16
2024-01-18,4,-0.003545237984973615,15
2024-01-18,5,-0.03553393313577652,16
2024-01-19,1,-0.0753753861435085,16
2024-01-19,2,-0.07808981471432487,15
2024-01-19,3,-0.0716899126153607,16
2024-01-19,4,-0.04763433391853344,15
2024-01-19,5,-0.04560317667592346,16
2024-01-22,1,-0.10246457830752342,16
2024-01-22,2,-0.10084841196338447,15
2024-01-22,3,-0.07316949429017465,16
2024-01-22,4,-0.07797822228765569,15
2024-01-22,5,-0.08796603474112921,16
2024-01-23,1,-0.09812707453959338,16
2024-01-23,2,-0.09429539654287916,15
2024-01-23,3,-0.08990050266183336,16
2024-01-23,4,-0.10135921391584173,15
2024-01-23,5,-0.09683568621279476,16
2024-01-24,1,-0.08384772162916942,16
2024-01-24,2,-0.0856895883510767,15
2024-01-24,3,-0.1006665857399959,16
2024-01-24,4,-0.11052970825935156,15
2024-01-24,5,-0.08598947289505131,16
2024-01-25,1,-0.09450980847270762,16
2024-01-25,2,-0.11020030597375667,16
2024-01-25,3,-0.09085201076706743,15
2024-01-25,4,-0.10025668610850225,16
2024-01-25,5,-0.11430520833328162,16
2024-01-26,1,-0.09474239153242531,16
2024-01-26,2,-0.105,16
2024-01-26,3,-0.11960760760760764,15
2024-01-26,4,-0.11148097826086956,16
2024-01-26,5,-0.12,16
2024-01-29,1,-0.09383602674411406,16
2024-01-29,2,-0.08445334335514212,16
2024-01-29,3,-0.08934090329179141,15
2024-01-29,4,-0.0934379034630905,16
2024-01-29,5,-0.09674793278318333,16
2024-01-30,1,-0.04665656944119486,16
2024-01-30,2,-0.01250482922567675,16
2024-01-30,3,-0.019092428643829894,15
2024-01-30,4,-0.033680623699605165,16
2024-01-30,5,0.005673954982551209,16
2024-01-31,1,-0.06898108293818259,16
2024-01-31,2,-0.06791827901170816,16
2024-01-31,3,-0.03291781025049,15
2024-01-31,4,-0.027449848744879844,16
2024-01-31,5,-0.049060789574525435,16
2024-02-01,1,-0.06558447691318933,16
2024-02-01,2,0.003102452734818968,16
2024-02-01,3,0.0018774263936684873,15
2024-02-01,4,-0.0125202412697583,16
2024-02-01,5,0.029853172921586422,16
2024-02-02,1,0.017049025205606777,16
2024-02-02,2,0.07111651374235241,16
2024-02-02,3,0.08730002157990577,15
2024-02-02,4,0.072469495676517,16
2024-02-02,5,0.08733559586129612,16
2024-02-05,1,0.05561540543908162,16
2024-02-05,2,0.10902923347530574,16
2024-02-05,3,0.11503186575012406,15
2024-02-05,4,0.11866787332545314,16
2024-02-05,5,0.1181632095265041,16
2024-02-06,1,0.0018258261236974022,16
2024-02-06,2,0.07093875078995746,16
2024-02-06,3,0.0351552370501215,15
2024-02-06,4,0.0461364688250796,16
2024-02-06,5,0.07104539559762414,16
2024-02-07,1,0.036662177944262,16
2024-02-07,2,0.06916587931951959,16
2024-02-07,3,0.05267612734471767,15
2024-02-07,4,0.055832415863137155,16
2024-02-07,5,0.09799221123506505,16
2024-02-08,1,0.044945170337660365,16
2024-02-08,2,0.027486067620940614,16
2024-02-08,3,0.03555650117954336,15
2024-02-08,4,0.042585530829086324,16
2024-02-08,5,0.057163627860535846,16
2024-02-19,1,0.022853077929402624,16
2024-02-19,2,0.020361634232055288,16
2024-02-19,3,0.01713774162706618,15
2024-02-19,4,0.019876389334577076,16
2024-02-19,5,0.027464389384518825,16
2024-02-20,1,0.037380054325584874,16
2024-02-20,2,0.03482075415009247,16
2024-02-20,3,0.04175392946395869,15
2024-02-20,4,0.05408216054318615,16
2024-02-20,5,0.04529224361299578,16
2024-02-21,1,-0.0031981794003862404,16
2024-02-21,2,0.0064538351593851,16
2024-02-21,3,0.008486143763570516,15
2024-02-21,4,0.0135098786553954,16
2024-02-21,5,0.0011909526894517478,16
2024-02-22,1,0.022816141200355564,16
2024-02-22,2,0.046630925703341805,16
2024-02-22,3,0.05829526275545983,15
2024-02-22,4,0.042379061704690524,16
2024-02-22,5,0.0355485943372644,16
2024-02-23,1,0.03897701647584889,16
2024-02-23,2,0.08081851609487309,16
2024-02-23,3,0.07852816391997414,15
2024-02-23,4,0.057945121654087335,16
2024-02-23,5,0.04122128432362453,16
2024-02-26,1,0.011686385694178507,16
2024-02-26,2,0.014946317978306645,16
2024-02-26,3,0.06020763254187673,15
2024-02-26,4,0.0474557831680861,16
2024-02-26,5,0.02834768024521133,16
2024-02-27,1,-0.05712004141086744,16
2024-02-27,2,-0.05808027149374063,16
2024-02-27,3,-0.06775453823413408,15
2024-02-27,4,-0.051303547855687706,16
2024-02-27,5,-0.055436004675731794,16
2024-02-28,1,-0.013892008537057812,16
2024-02-28,2,-0.0033966751455404773,16
2024-02-28,3,-0.01748701746754302,15
2024-02-28,4,-0.0020949185204693632,16
2024-02-28,5,-0.018857229436576875,16
2024-02-29,1,-0.07245693821228924,16
2024-02-29,2,-0.061495204529715984,16
2024-02-29,3,-0.06019052117500996,15
2024-02-29,4,-0.07744427290817645,16
2024-02-29,5,-0.07860936929029888,16
2024-03-01,1,-0.0816191854711787,16
2024-03-01,2,-0.06954362706091671,16
2024-03-01,3,-0.07488044581338539,15
2024-03-01,4,-0.07509109469410696,16
2024-03-01,5,-0.08179827024565164,16
2024-03-04,1,-0.04882657817693244,16
2024-03-04,2,-0.04820683251005369,16
2024-03-04,3,-0.04314778698730231,15
2024-03-04,4,-0.029116844239969658,16
2024-03-04,5,-0.033883239304032066,16
2024-03-05,1,-0.024779617988467915,16
2024-03-05,2,0.007429143306290582,16
2024-03-05,3,0.009244661696845487,15
2024-03-05,4,0.0015164818672808514,16
2024-03-05,5,0.01921809957768235,16
2024-03-06,1,-0.04269139191962971,16
2024-03-06,2,-0.03468623309893468,16
2024-03-06,3,-0.031469221243227,15
2024-03-06,4,-0.023397029177044996,16
2024-03-06,5,-0.022210748113358117,16
2024-03-07,1,-0.04392826303386496,16
2024-03-07,2,-0.003527227641954664,16
2024-03-07,3,-0.010094821412947907,15
2024-03-07,4,-0.011347415587696412,16
2024-03-07,5,0.012720582454112048,16
2024-03-08,1,0.009881426401089508,16
2024-03-08,2,0.02458106542682939,16
2024-03-08,3,0.04224533501907899,15
2024-03-08,4,0.04016713940638961,16
2024-03-08,5,0.06302545201208484,16
2024-03-11,1,0.019125460741090866,16
2024-03-11,2,0.03829928985809787,16
2024-03-11,3,0.040738262515871995,15
2024-03-11,4,0.04337907657079203,16
2024-03-11,5,0.003479751965259688,16
2024-03-12,1,0.0221471162889302,16
2024-03-12,2,0.013839879561853188,16
2024-03-12,3,0.022081729364683764,15
2024-03-12,4,0.011210801898651118,16
2024-03-12,5,0.015704077896746445,16
2024-03-13,1,0.03805955131184469,16
2024-03-13,2,0.03142237469024528,16
2024-03-13,3,0.034766285970160606,15
2024-03-13,4,0.04196067946175155,16
2024-03-13,5,0.04154511375225416,16
2024-03-14,1,0.01193644278616987,16
2024-03-14,2,0.03444241016780571,16
2024-03-14,3,0.021661324036504913,15
2024-03-14,4,0.028202049251278498,16
2024-03-14,5,0.048475215178958544,16
2024-03-15,1,-0.05195825758385093,16
2024-03-15,2,-0.03936487213147777,16
2024-03-15,3,-0.029991154938238944,16
2024-03-15,4,-0.04251398175901123,16
2024-03-15,5,-0.024671147974641476,16
2024-03-18,1,-0.0810685741241508,16
2024-03-18,2,-0.08110171905465732,16
2024-03-18,3,-0.07093930137807943,16
2024-03-18,4,-0.055236399441063476,16
2024-03-18,5,-0.06529087913662669,16
2024-03-19,1,-0.07002532590254303,16
2024-03-19,2,-0.07669204073675044,16
2024-03-19,3,-0.06806374784373698,16
2024-03-19,4,-0.07414250179437401,16
2024-03-19,5,-0.06406241918637816,16
2024-03-20,1,-0.07644456598064078,16
2024-03-20,2,-0.06995709792947946,16
2024-03-20,3,-0.06942496671076871,16
2024-03-20,4,-0.0646424926576458,16
2024-03-20,5,-0.07265499396831217,16
2024-03-21,1,-0.06904915015637189,16
2024-03-21,2,-0.03485837779411401,16
2024-03-21,3,-0.05037730247117163,16
2024-03-21,4,-0.042321807167429525,16
2024-03-21,5,-0.03558777923117728,16
2024-03-22,1,-0.05443388848149801,16
2024-03-22,2,-0.02990773503097844,16
2024-03-22,3,-0.021982412150706218,16
2024-03-22,4,-0.02230689711208858,16
2024-03-22,5,-0.018430181051045574,16
2024-03-25,1,-0.024200148503627138,16
2024-03-25,2,0.002945163645047273,16
2024-03-25,3,0.009512648994851866,16
2024-03-25,4,0.01887525757872633,16
2024-03-25,5,0.0038463048569689837,16
2024-03-26,1,-0.01992508059457146,16
2024-03-26,2,0.004195156716584207,16
2024-03-26,3,0.008398302766395943,16
2024-03-26,4,0.011453646849027298,16
2024-03-26,5,0.0026736941268794,16
2024-03-27,1,0.0052230144906459525,16
2024-03-27,2,-0.027331377477669526,16
2024-03-27,3,0.0010893888307912866,16
2024-03-27,4,-0.012076385946046049,16
2024-03-27,5,-0.017293614054953693,16
2024-03-28,1,-0.02377635775981176,16
2024-03-28,2,-0.05907548331219372,16
2024-03-28,3,-0.04844835832841626,16
2024-03-28,4,-0.06434020743431329,16
2024-03-28,5,-0.07302257588473193,16
2024-03-29,1,-0.032377304320713556,16
2024-03-29,2,-0.03819411980925623,16
2024-03-29,3,-0.03322441098624001,16
2024-03-29,4,-0.04820686211105682,16
2024-03-29,5,-0.0451570211339323,16
2024-04-01,1,-0.022343381077174623,16
2024-04-01,2,-0.017678355669318378,16
2024-04-01,3,-0.026084803968647374,16
2024-04-01,4,-0.023753405990137137,16
2024-04-01,5,-0.019248807760084266,16
2024-04-02,1,-0.03408161038446708,16
2024-04-02,2,-0.02835794986847439,16
2024-04-02,3,-0.024960080608282247,16
2024-04-02,4,-0.040643380872428275,16
2024-04-02,5,-0.01867362280691004,16
2024-04-03,1,-0.017076737411726835,16
2024-04-03,2,-0.036977252288739174,16
2024-04-03,3,-0.031450614478113745,16
2024-04-03,4,-0.02974771842420853,16
2024-04-03,5,-0.01552634787518331,16
2024-04-08,1,-0.03019378907720182,16
2024-04-08,2,-0.018897632093590674,16
2024-04-08,3,-0.0013084956511851958,16
2024-04-08,4,-0.015205077989964344,16
2024-04-08,5,-0.02362907625580607,16
2024-04-09,1,-0.06395405771898516,16
2024-04-09,2,-0.08242407408780063,16
2024-04-09,3,-0.07974634679112019,16
2024-04-09,4,-0.08795039829665816,16
2024-04-09,5,-0.0966765910744495,16
2024-04-10,1,-0.05944794086195067,16
2024-04-10,2,-0.044198444718847124,16
2024-04-10,3,-0.04702287414780792,16
2024-04-10,4,-0.05983800707217904,16
2024-04-10,5,-0.06047698883511833,16
2024-04-11,1,-0.02022507514904584,16
2024-04-11,2,-0.057215355469588426,16
2024-04-11,3,-0.01823775572996312,16
2024-04-11,4,-0.038752364265223146,16
2024-04-11,5,-0.04847288343335485,16
2024-04-12,1,-0.052704602267385395,16
2024-04-12,2,-0.03897288060196,16
2024-04-12,3,-0.027478074383792524,16
2024-04-12,4,-0.029755364819042805,16
2024-04-12,5,-0.04880607637331896,16
2024-04-15,1,-0.028669416584613493,16
2024-04-15,2,-0.01979334357435915,16
2024-04-15,3,-0.008798646687110466,16
2024-04-15,4,-0.01557046853109522,16
2024-04-15,5,0.005038895096514152,16
2024-04-16,1,0.038327137401466545,16
2024-04-16,2,0.056252820024467125,16
2024-04-16,3,0.07402338064377274,16
2024-04-16,4,0.06539950920206818,16
2024-04-16,5,0.06555289201476766,16
2024-04-17,1,-0.01958322312376992,16
2024-04-17,2,0.016454777025228948,16
2024-04-17,3,0.02413830534032143,16
2024-04-17,4,0.022244896216970393,16
2024-04-17,5,0.017746501541505817,16
2024-04-18,1,-0.016484825767357922,16
2024-04-18,2,0.0004069312637489178,16
2024-04-18,3,-0.00030723467209485544,16
2024-04-18,4,0.015975809118273614,16
2024-04-18,5,-0.004707704849327803,16
2024-04-19,1,-0.009685780743781743,16
2024-04-19,2,0.0367081899969498,16
2024-04-19,3,0.02165855463990929,16
2024-04-19,4,0.02244850922416408,16
2024-04-19,5,0.025326472473579373,16
2024-04-22,1,0.018209373238682346,16
2024-04-22,2,0.027779972497175995,16
2024-04-22,3,0.0317586372855057,16
2024-04-22,4,0.021869939325082174,16
2024-04-22,5,0.05810414706765501,16
2024-04-23,1,0.020171047583493015,16
2024-04-23,2,0.005882419248342603,16
2024-04-23,3,0.024592028680844022,16
2024-04-23,4,0.013178553609585017,16
2024-04-23,5,0.032097858859294656,16
2024-04-24,1,0.013227495047475848,16
2024-04-24,2,0.009028017881581502,16
2024-04-24,3,0.044294833597627606,16
2024-04-24,4,0.03082538494944003,16
2024-04-24,5,0.055395890640446484,16
2024-04-25,1,0.022539021456395344,16
2024-04-25,2,0.03213578544314718,16
2024-04-25,3,0.03295390428790362,16
2024-04-25,4,0.04785416113840064,16
2024-04-25,5,0.04723264622161938,16
2024-04-26,1,-0.016077751822520137,16
2024-04-26,2,0.01583027402319863,16
2024-04-26,3,0.02214253689487302,16
2024-04-26,4,0.02344089182593387,16
2024-04-26,5,0.053597796338816374,16
2024-04-29,1,0.018594866977354657,16
2024-04-29,2,0.00790869180321907,16
2024-04-29,3,0.017562560002293955,16
2024-04-29,4,0.01854292262893637,16
2024-04-29,5,0.020964491738219772,16
2024-04-30,1,-0.00037706554646278756,16
2024-04-30,2,-0.016186716929546437,16
2024-04-30,3,0.005216857075546734,16
2024-04-30,4,-0.0028167684649840485,16
2024-04-30,5,-0.0009730078800376171,16
2024-05-06,1,-0.03761414085865422,16
2024-05-06,2,-0.04073104483324664,16
2024-05-06,3,-0.026068400878242783,16
2024-05-06,4,-0.0048745129714462265,16
2024-05-06,5,-0.038189442771970894,16
2024-05-07,1,-0.049146632119982166,16
2024-05-07,2,-0.03570508210015408,16
2024-05-07,3,-0.022930075915542414,16
2024-05-07,4,-0.027727869119848994,16
2024-05-07,5,-0.015777173976113577,16
2024-05-08,1,-0.05648221202356572,16
2024-05-08,2,-0.03985587277502494,16
2024-05-08,3,-0.025059120328751933,16
2024-05-08,4,-0.03425608306216861,16
2024-05-08,5,-0.026818924579728225,16
2024-05-09,1,-0.07421522761779498,16
2024-05-09,2,-0.05445440436672247,16
2024-05-09,3,-0.04221018495177933,16
2024-05-09,4,-0.0355777604035066,16
2024-05-09,5,-0.04155709042453492,16
2024-05-10,1,-0.05743306295243278,16
2024-05-10,2,-0.023133776829801674,16
2024-05-10,3,-0.03472874090171264,16
2024-05-10,4,-0.014497993735186988,16
2024-05-10,5,-0.015564619751115422,16
2024-05-13,1,-0.0413171251348629,16
2024-05-13,2,-0.037594849310859706,16
2024-05-13,3,-0.016069815680830442,16
2024-05-13,4,-0.012611034544230806,16
2024-05-13,5,-0.014235495037680616,16
2024-05-14,1,-0.04096773653227132,16
2024-05-14,2,-0.029331900758049305,16
2024-05-14,3,-0.03788715136547185,16
2024-05-14,4,-0.03463008687429753,16
2024-05-14,5,-0.024800814923226125,16
2024-05-15,1,-0.01620941607793456,16
2024-05-15,2,-0.016411704673612013,16
2024-05-15,3,-0.010402751389233078,16
2024-05-15,4,-0.0154041079857411,16
2024-05-15,5,-0.009004006931609562,16
2024-05-16,1,0.026229871716815567,16
2024-05-16,2,0.039169260439488485,16
2024-05-16,3,0.03572710113541273,16
2024-05-16,4,0.023634133552751624,16
2024-05-16,5,0.027936377405383073,16
2024-05-17,1,0.00866048274335985,16
2024-05-17,2,0.002788262951744558,16
2024-05-17,3,0.01194978038730305,16
2024-05-17,4,0.002646498578691453,16
2024-05-17,5,0.01814609970333502,16
2024-05-20,1,0.005671220873020612,16
2024-05-20,2,0.0043222240534400505,16
2024-05-20,3,0.017352987118978307,16
2024-05-20,4,-0.004265875281873964,16
2024-05-20,5,0.029192366006346837,16
2024-05-21,1,0.007945014194874984,16
2024-05-21,2,0.012743881750462836,16
2024-05-21,3,0.016598173100804546,16
2024-05-21,4,0.048054933244542464,16
2024-05-21,5,0.03336394157292596,16
2024-05-22,1,-0.0038649856763922213,16
2024-05-22,2,0.01144654305071377,16
2024-05-22,3,0.006186182907792284,16
2024-05-22,4,0.025093525256177085,16
2024-05-22,5,0.016072296803633646,16
2024-05-23,1,-0.03711163672914866,16
2024-05-23,2,-0.03337055277692149,16
2024-05-23,3,-0.035778268010177035,16
2024-05-23,4,-0.03937348935956663,16
2024-05-23,5,-0.05083155104550892,16
2024-05-24,1,-0.02426611307462216,16
2024-05-24,2,-0.015561355679828921,16
2024-05-24,3,-0.012809312528687056,16
2024-05-24,4,-0.02670325015097523,16
2024-05-24,5,-0.029181161749031993,16
2024-05-27,1,-0.03966255434928635,16
2024-05-27,2,-0.041671624143051506,16
2024-05-27,3,-0.040902668799742144,16
2024-05-27,4,-0.03733671407406883,16
2024-05-27,5,-0.045648309543671634,16
2024-05-28,1,-0.0355794838257939,16
2024-05-28,2,-0.041820021502696564,16
2024-05-28,3,-0.04123398121303198,16
2024-05-28,4,-0.04056537264330867,16
2024-05-28,5,-0.049810164324261594,16
2024-05-29,1,-0.04682279053815828,16
2024-05-29,2,-0.05688941408120646,16
2024-05-29,3,-0.05150567569145291,16
2024-05-29,4,-0.06361581341497557,16
2024-05-29,5,-0.057065426862405906,16
2024-05-30,1,-0.06396070383637198,16
2024-05-30,2,-0.06028747764843799,16
2024-05-30,3,-0.07742907793775816,16
2024-05-30,4,-0.07691549143071641,16
2024-05-30,5,-0.0796607091038973,16
2024-05-31,1,-0.06955780809718634,16
2024-05-31,2,-0.04590761680604291,16
2024-05-31,3,-0.060414360220054426,16
2024-05-31,4,-0.06996200394458443,16
2024-05-31,5,-0.05990720567532431,16
2024-06-03,1,-0.03402224342906551,16
2024-06-03,2,-0.03994334500752741,16
2024-06-03,3,-0.030865141246895766,16
2024-06-03,4,-0.03563091727760714,16
2024-06-03,5,-0.014921987993168358,16
2024-06-04,1,-0.02753747667072652,16
2024-06-04,2,-0.028825749224851704,16
2024-06-04,3,-0.03715125994799823,16
2024-06-04,4,-0.019601407446779205,16
2024-06-04,5,-0.024262816015993012,16
2024-06-05,1,-0.032667061438826944,16
2024-06-05,2,-0.023351059514301775,16
2024-06-05,3,-0.0018691549849337782,16
2024-06-05,4,-0.015307270793797602,16
2024-06-05,5,-0.01841609017491104,16
2024-06-06,1,-0.008810735477287349,16
2024-06-06,2,0.03243274193825854,16
2024-06-06,3,0.024629671319446024,16
2024-06-06,4,0.026225808974946904,16
2024-06-06,5,0.033413076700670175,16
2024-06-07,1,-0.013047939545921122,16
2024-06-07,2,0.004396818663382741,16
2024-06-07,3,-0.01704448484151308,16
2024-06-07,4,-0.0095650765783298,16
2024-06-07,5,0.000619449391125966,16
2024-06-11,1,-0.019711266889820833,16
2024-06-11,2,-0.005279076172306704,16
2024-06-11,3,-0.012001103067585554,16
2024-06-11,4,-0.013661074782637839,16
2024-06-11,5,-0.012247748627552783,16
2024-06-12,1,-0.012180494037939561,16
2024-06-12,2,0.011363711168486244,16
2024-06-12,3,0.016999202805323105,16
2024-06-12,4,0.010085337553509807,16
2024-06-12,5,0.017230645558367584,16
2024-06-13,1,-0.030750260572922045,16
2024-06-13,2,0.021233043532042986,16
2024-06-13,3,-0.0005615525878903613,16
2024-06-13,4,0.01658965435683589,16
2024-06-13,5,0.03318885607285762,16
2024-06-14,1,-0.003311458808243871,16
2024-06-14,2,0.0043168809250736795,16
2024-06-14,3,0.022591669744001668,16
2024-06-14,4,0.057545616604720504,16
2024-06-14,5,0.04093426926503198,16
2024-06-17,1,-0.03320423419487167,16
2024-06-17,2,-0.007265403046907967,16
2024-06-17,3,0.010633012219599336,16
2024-06-17,4,0.010596055481125383,16
2024-06-17,5,0.032522563588990853,16
2024-06-18,1,-0.022176905356340627,16
2024-06-18,2,-0.012590487521306683,16
2024-06-18,3,-0.000695615309969845,16
2024-06-18,4,0.03202418620644192,16
2024-06-18,5,0.022805447169875676,16
2024-06-19,1,-0.0315402320973524,16
2024-06-19,2,-0.016475498766605312,16
2024-06-19,3,0.009503201276585056,16
2024-06-19,4,0.01260070027234697,16
2024-06-19,5,0.01640000602479487,16
2024-06-20,1,-0.03204429855683071,16
2024-06-20,2,-0.021140028506327367,16
2024-06-20,3,-0.0029518119553017877,16
2024-06-20,4,-0.00011534430816374092,16
2024-06-20,5,-4.640467564815537e-05,16
2024-06-21,1,-0.03808558453454042,16
2024-06-21,2,-0.030547118367162694,16
2024-06-21,3,-0.02285225434801319,16
2024-06-21,4,-0.031281355261793445,16
2024-06-21,5,-0.025557466262006327,16
2024-06-24,1,0.002819738068503469,16
2024-06-24,2,0.009701986443662956,16
2024-06-24,3,0.022424949418865733,16
2024-06-24,4,0.004412645751911609,16
2024-06-24,5,0.02356642622739158,16
2024-06-25,1,-0.019139350562311197,16
2024-06-25,2,-0.00664028282253324,16
2024-06-25,3,-0.005835689299787443,16
2024-06-25,4,0.012837090370730005,16
2024-06-25,5,0.02067963429000331,16
2024-06-26,1,-0.046258510339094346,16
2024-06-26,2,-0.041257974367160805,16
2024-06-26,3,-0.029284714740870126,16
2024-06-26,4,-0.027160703885613167,16
2024-06-26,5,-0.006418645003363893,16
2024-06-27,1,-0.03230453439198684,16
2024-06-27,2,-0.02471977578824513,16
2024-06-27,3,-0.034965884309954606,16
2024-06-27,4,-0.02441295432740446,16
2024-06-27,5,4.6118482365853364e-05,16
2024-06-28,1,-0.05443876520729101,16
2024-06-28,2,-0.027722170438931076,16
2024-06-28,3,-0.027177831144127015,16
2024-06-28,4,-0.02244432254043966,16
2024-06-28,5,0.007270586374516559,16
2024-07-01,1,-0.08080776114193786,16
2024-07-01,2,-0.05814768620768486,16
2024-07-01,3,-0.06804400834531506,16
2024-07-01,4,-0.052168907312616974,16
2024-07-01,5,-0.023223078316735125,16
2024-07-02,1,-0.05026861207326652,16
2024-07-02,2,-0.05185115165237141,16
2024-07-02,3,-0.015524233087987914,16
2024-07-02,4,-0.04542165966499203,16
2024-07-02,5,-0.041600600288513714,16
2024-07-03,1,-0.03553655316642185,16
2024-07-03,2,-0.04011470430266377,16
2024-07-03,3,-0.02085183561731469,16
2024-07-03,4,-0.01404810531851055,16
2024-07-03,5,-0.04078532867678229,16
2024-07-04,1,-0.015445314509490854,16
2024-07-04,2,0.009263356419262993,16
2024-07-04,3,0.00650292616876811,16
2024-07-04,4,0.010384991212017074,16
2024-07-04,5,0.0029362743242381736,16
2024-07-05,1,-0.004758626580809798,16
2024-07-05,2,0.01138370016124847,16
2024-07-05,3,0.015361418415956715,16
2024-07-05,4,0.010037677827701257,16
2024-07-05,5,-0.002578414377088438,16
2024-07-08,1,0.01832013097600417,16
2024-07-08,2,0.019161457251534293,16
2024-07-08,3,0.035203289059991934,16
2024-07-08,4,0.02830495721972167,16
2024-07-08,5,0.031528697960245974,16
2024-07-09,1,0.059662246840149286,16
2024-07-09,2,0.033321376560848194,16
2024-07-09,3,0.05331574415419057,16
2024-07-09,4,0.07261636501799908,16
2024-07-09,5,0.07244993616665596,16
2024-07-10,1,0.09628380163637903,16
2024-07-10,2,0.1097113334959311,16
2024-07-10,3,0.11912188610971376,16
2024-07-10,4,0.1192181794470527,16
2024-07-10,5,0.12,16
2024-07-11,1,0.060916632849452625,16
2024-07-11,2,0.06541066837512644,16
2024-07-11,3,0.076665098648691,16
2024-07-11,4,0.08885408110350859,16
2024-07-11,5,0.09820917761774131,16
2024-07-12,1,0.03783462553861854,16
2024-07-12,2,0.050745663784860576,16
2024-07-12,3,0.07227835516761373,16
2024-07-12,4,0.0635776928742477,16
2024-07-12,5,0.08952942941264197,16
2024-07-15,1,0.024592559240227123,16
2024-07-15,2,0.061227788999363424,16
2024-07-15,3,0.06692313930618232,16
2024-07-15,4,0.08158446745243758,16
2024-07-15,5,0.08347619960888797,16
2024-07-16,1,-0.034844207633399245,16
2024-07-16,2,-0.011091746054518799,16
2024-07-16,3,0.007368952627244615,16
2024-07-16,4,0.002358187319298266,16
2024-07-16,5,0.021442566377763914,16
2024-07-17,1,-0.1108452272855458,16
2024-07-17,2,-0.08673610464017856,16
2024-07-17,3,-0.10127966620885141,16
2024-07-17,4,-0.09252121234840686,16
2024-07-17,5,-0.08808391038454327,16
2024-07-18,1,-0.059179591112055396,16
2024-07-18,2,-0.04800513042068866,16
2024-07-18,3,-0.04860236837858587,16
2024-07-18,4,-0.03123569215479214,16
2024-07-18,5,-0.04427468473449688,16
2024-07-19,1,-0.0376222486370572,16
2024-07-19,2,-0.010098853812812794,16
2024-07-19,3,-0.010178914988902388,16
2024-07-19,4,-0.02737857527914983,16
2024-07-19,5,-0.018822095120662345,16
2024-07-22,1,-0.03145347330758501,16
2024-07-22,2,0.0036404001962646176,16
2024-07-22,3,-0.01769661693039086,16
2024-07-22,4,-0.021586506280221497,16
2024-07-22,5,-0.019759012746194002,16
2024-07-23,1,-0.004190058637999164,16
2024-07-23,2,0.023721688495446883,16
2024-07-23,3,0.005743075494245471,16
2024-07-23,4,0.015853339753471418,16
2024-07-23,5,0.01146375808843509,16
2024-07-24,1,0.02880938169091061,16
2024-07-24,2,0.06637447655261738,16
2024-07-24,3,0.048707169312542285,16
2024-07-24,4,0.057969357314543724,16
2024-07-24,5,0.05750363155880021,16
2024-07-25,1,0.0071344096868802,16
2024-07-25,2,0.02124023473844422,16
2024-07-25,3,0.03527547386535776,16
2024-07-25,4,0.03563048211564876,16
2024-07-25,5,0.030369671612934197,16
2024-07-26,1,-0.016432172675254555,16
2024-07-26,2,-0.005905187137176297,16
2024-07-26,3,0.005560297968732197,16
2024-07-26,4,-0.001415509558588747,16
2024-07-26,5,-0.004678701465092992,16
2024-07-29,1,-0.03110494727056145,16
2024-07-29,2,-0.03333019338560492,16
2024-07-29,3,-0.01510389130821635,16
2024-07-29,4,-0.02365554877575085,16
2024-07-29,5,-0.026893129465503138,16
2024-07-30,1,-0.029530017015071998,16
2024-07-30,2,-0.031154056112420336,16
2024-07-30,3,-0.011487667920693508,16
2024-07-30,4,-0.018996765080623326,16
2024-07-30,5,-0.02610671102433406,16
2024-07-31,1,-0.04853022128774567,16
2024-07-31,2,-0.03540660650524826,16
2024-07-31,3,-0.033309090999406335,16
2024-07-31,4,-0.038604926319414125,16
2024-07-31,5,-0.054000408774426946,16
2024-08-01,1,-0.031708436686063046,16
2024-08-01,2,-0.046567216075567325,16
2024-08-01,3,-0.03698765358004512,16
2024-08-01,4,-0.017968849877533638,16
2024-08-01,5,-0.03882218373855244,16
2024-08-02,1,-0.011481498407378464,16
2024-08-02,2,-0.02456973187441478,16
2024-08-02,3,-0.014263533849293394,16
2024-08-02,4,-0.01596469082986675,16
2024-08-02,5,-0.021557701559577633,16
2024-08-05,1,0.011788283685714822,16
2024-08-05,2,0.008063964002744367,16
2024-08-05,3,0.01919623192504394,16
2024-08-05,4,0.015542483251566278,16
2024-08-05,5,0.027536672845411413,16
2024-08-06,1,-0.004112315455835992,16
2024-08-06,2,0.004456308047463352,16
2024-08-06,3,-0.005521124978809362,16
2024-08-06,4,0.014388848697279806,16
2024-08-06,5,-0.0028006844718861876,16
2024-08-07,1,-0.01086655244260884,16
2024-08-07,2,-0.01850327429658378,16
2024-08-07,3,-0.0050329421892895965,16
2024-08-07,4,0.002072456896621458,16
2024-08-07,5,0.0014274987460179064,16
2024-08-08,1,-0.013615424556067894,16
2024-08-08,2,-0.007749106576202189,16
2024-08-08,3,-0.004936250565160269,16
2024-08-08,4,-0.007744897797512924,16
2024-08-08,5,0.018603581865765925,16
2024-08-09,1,-0.01408314168478593,16
2024-08-09,2,-0.009535143346765688,16
2024-08-09,3,-0.0046357906238377045,16
2024-08-09,4,0.0042064625712265186,16
2024-08-09,5,0.012216826136028994,16
2024-08-12,1,-0.06123060157452042,16
2024-08-12,2,-0.020657696421506506,16
2024-08-12,3,-0.012190600000796178,16
2024-08-12,4,-0.005242390161653898,16
2024-08-12,5,-0.001461548402048346,16
2024-08-13,1,-0.032498150599890155,16
2024-08-13,2,-0.012399088934807387,16
2024-08-13,3,-0.025779001621216248,16
2024-08-13,4,-0.017716572950797697,16
2024-08-13,5,0.007101450944344764,16
2024-08-14,1,-0.02925990088255108,16
2024-08-14,2,-0.016505048181382917,16
2024-08-14,3,-0.014552113192930823,16
2024-08-14,4,0.002640756083279003,16
2024-08-14,5,-0.010225350722851571,16
2024-08-15,1,-0.035437786536578385,16
2024-08-15,2,-0.053390959423913247,16
2024-08-15,3,-0.014362676635518441,16
2024-08-15,4,-0.04405058188666796,16
2024-08-15,5,-0.03529651165352403,16
2024-08-16,1,-0.03848423021040024,16
2024-08-16,2,-0.02747253488120998,16
2024-08-16,3,-0.031156676603511665,16
2024-08-16,4,-0.03515812002133665,16
2024-08-16,5,-0.048587763848459996,16
2024-08-19,1,-0.029379565390148486,16
2024-08-19,2,-0.00758470365462665,16
2024-08-19,3,-0.017012451227641646,16
2024-08-19,4,-0.01805389656315775,16
2024-08-19,5,-0.02371461270449559,16
2024-08-20,1,-0.022694970825176852,16
2024-08-20,2,-0.04446553729531101,16
2024-08-20,3,-0.029421139719892887,16
2024-08-20,4,-0.04501593862199869,16
2024-08-20,5,-0.041588504471956424,16
2024-08-21,1,-0.028818406481042586,16
2024-08-21,2,-0.02930347578607534,16
2024-08-21,3,-0.02740011706207536,16
2024-08-21,4,-0.006227507807537731,16
2024-08-21,5,-0.03841783181179985,16
2024-08-22,1,0.001133811686345923,16
2024-08-22,2,-0.004652701263364825,16
2024-08-22,3,0.0034720867023069757,16
2024-08-22,4,0.005492182043632797,16
2024-08-22,5,-0.006291890454593642,16
2024-08-23,1,0.004483494901361053,16
2024-08-23,2,0.0060140231834287725,16
2024-08-23,3,0.023837933792167407,16
2024-08-23,4,0.01946613480370072,16
2024-08-23,5,0.024931965836617213,16
2024-08-26,1,-0.02175032897039468,16
2024-08-26,2,-0.010130105143167409,16
2024-08-26,3,-0.007512967730558463,16
2024-08-26,4,-0.013684573129514474,16
2024-08-26,5,-0.0048535642779359844,16
2024-08-27,1,-0.023500865646082336,16
2024-08-27,2,0.008499620300455459,16
2024-08-27,3,0.0020986145359375846,16
2024-08-27,4,0.025573583570422782,16
2024-08-27,5,0.013842931521241532,16
2024-08-28,1,-0.02107781146965433,16
2024-08-28,2,-0.009795775083602389,16
2024-08-28,3,-0.0050887515596677035,16
2024-08-28,4,0.004122920770349536,16
2024-08-28,5,-0.003642832794641296,16
2024-08-29,1,-0.015260674711253842,16
2024-08-29,2,-0.011097199363823633,16
2024-08-29,3,-0.0048716756495883334,16
2024-08-29,4,0.001227780873124383,16
2024-08-29,5,-0.0062899746611896415,16
2024-08-30,1,-0.03865430796529789,16
2024-08-30,2,-0.025980764376328826,16
2024-08-30,3,-0.042921271895263124,16
2024-08-30,4,-0.03310892571863764,16
2024-08-30,5,-0.038476409190720644,16
2024-09-02,1,-0.04207491205720509,16
2024-09-02,2,-0.016835865056820852,16
2024-09-02,3,-0.021215437467120006,16
2024-09-02,4,-0.01989713916781411,16
2024-09-02,5,-0.02568759997350973,16
2024-09-03,1,-0.042539430041316995,16
2024-09-03,2,-0.021046456007109735,16
2024-09-03,3,-0.01606621223498217,16
2024-09-03,4,-0.017543428121310926,16
2024-09-03,5,-0.026397712882271378,16
2024-09-04,1,-0.007672746392665797,16
2024-09-04,2,-0.014630144149393134,16
2024-09-04,3,-0.016797409629331128,16
2024-09-04,4,-0.021668846437244843,16
2024-09-04,5,-0.025531030316365298,16
2024-09-05,1,-0.038037606430392834,16
2024-09-05,2,-0.02369742609270231,16
2024-09-05,3,-0.02246085584090554,16
2024-09-05,4,-0.022717670227497253,16
2024-09-05,5,-0.03873992167349855,16
2024-09-06,1,-0.01976724066888747,16
2024-09-06,2,-0.008882600118435363,16
2024-09-06,3,0.010470944822892916,16
2024-09-06,4,-0.0005164560221813178,16
2024-09-06,5,0.008368780443500978,16
2024-09-09,1,-0.011621645846355319,16
2024-09-09,2,-0.007902612629771488,16
2024-09-09,3,0.004323175761618878,16
2024-09-09,4,0.005422744666458361,16
2024-09-09,5,-0.007659535727165934,16
2024-09-10,1,-0.007796783815695062,16
2024-09-10,2,0.007044882607088382,16
2024-09-10,3,0.007641907364494591,16
2024-09-10,4,0.008368146367312639,16
2024-09-10,5,0.005960163619773709,16
2024-09-11,1,-0.020643044608786562,16
2024-09-11,2,0.0008347926061996122,16
2024-09-11,3,0.0035908362031253915,16
2024-09-11,4,0.019897443190214643,16
2024-09-11,5,0.013400445784472297,16
2024-09-12,1,-0.015560727808537823,16
2024-09-12,2,0.004315673367467417,16
2024-09-12,3,0.000920255338656438,16
2024-09-12,4,0.01643116138317969,16
2024-09-12,5,0.02408463324761987,16
2024-09-13,1,0.009601453276266478,16
2024-09-13,2,0.016724727886455834,16
2024-09-13,3,0.018068983933669923,16
2024-09-13,4,0.012390012809827051,16
2024-09-13,5,0.03169688355013192,16
2024-09-18,1,0.01916226271742439,16
2024-09-18,2,0.0285808423839215,16
2024-09-18,3,0.03948811251779119,16
2024-09-18,4,0.04363344364109018,16
2024-09-18,5,0.046213515736455456,16
2024-09-19,1,0.04087744034877672,16
2024-09-19,2,0.04032491163338382,16
2024-09-19,3,0.05435519140125407,16
2024-09-19,4,0.05010631628470887,16
2024-09-19,5,0.05886611188016956,16
2024-09-20,1,0.10646742509313202,16
2024-09-20,2,0.1146602853237793,16
2024-09-20,3,0.11592077981772006,16
2024-09-20,4,0.11485391901334,16
2024-09-20,5,0.11743832480047098,16
2024-09-23,1,0.12,16
2024-09-23,2,0.12,16
2024-09-23,3,0.12,16
2024-09-23,4,0.12,16
2024-09-23,5,0.12,16
2024-09-24,1,0.12,16
2024-09-24,2,0.12,16
2024-09-24,3,0.12,16
2024-09-24,4,0.12,16
2024-09-24,5,0.12,16
2024-09-25,1,0.12,16
2024-09-25,2,0.12,16
2024-09-25,3,0.12,16
2024-09-25,4,0.12,16
2024-09-25,5,0.12,16
2024-09-26,1,0.12,16
2024-09-26,2,0.12,16
2024-09-26,3,0.12,16
2024-09-26,4,0.12,16
2024-09-26,5,0.12,16
2024-09-27,1,0.10018298845345638,16
2024-09-27,2,0.08862510935260183,16
2024-09-27,3,0.09032277783115246,16
2024-09-27,4,0.09867305416833588,16
2024-09-27,5,0.08575417458802215,16
2024-09-30,1,0.028152291616572303,16
2024-09-30,2,-0.012832222315122668,16
2024-09-30,3,-0.0405414321672135,16
2024-09-30,4,-0.007852758219089498,16
2024-09-30,5,-0.0007762702858503459,16
2024-10-08,1,-0.12,16
2024-10-08,2,-0.12,16
2024-10-08,3,-0.11992187499999998,16
2024-10-08,4,-0.11494785382767575,16
2024-10-08,5,-0.06144450317573576,16
2024-10-09,1,-0.03891997861216272,16
2024-10-09,2,-0.05529426182012293,16
2024-10-09,3,-0.0018005689442550862,16
2024-10-09,4,-0.031087901809366075,16
2024-10-09,5,-0.008882384140961985,16
2024-10-10,1,0.05366666906375139,16
2024-10-10,2,0.010503513259692322,16
2024-10-10,3,-0.017935061350996623,16
2024-10-10,4,0.022921404053680816,16
2024-10-10,5,0.03615045357793648,16
2024-10-11,1,0.10610365214130404,16
2024-10-11,2,0.12,16
2024-10-11,3,0.11998106060606062,16
2024-10-11,4,0.11764562373903602,16
2024-10-11,5,0.11694158250805436,16
2024-10-14,1,0.11966016231053825,16
2024-10-14,2,0.11887082601054477,16
2024-10-14,3,0.12,16
2024-10-14,4,0.12,16
2024-10-14,5,0.12,16
2024-10-15,1,0.10789247503929349,16
2024-10-15,2,0.12,16
2024-10-15,3,0.11809826203208557,16
2024-10-15,4,0.11931190356604723,16
2024-10-15,5,0.12,16
2024-10-16,1,0.10860733223783758,16
2024-10-16,2,0.1171186629300458,16
2024-10-16,3,0.11393861892583118,16
2024-10-16,4,0.12,16
2024-10-16,5,0.11903998025666337,16
2024-10-17,1,0.11308646847320877,16
2024-10-17,2,0.12,16
2024-10-17,3,0.12,16
2024-10-17,4,0.1126550868486352,16
2024-10-17,5,0.12,16
2024-10-18,1,0.08187625119774927,16
2024-10-18,2,0.10686754048172203,16
2024-10-18,3,0.11776801649357482,16
2024-10-18,4,0.11607693607170644,16
2024-10-18,5,0.10543984114348312,16
2024-10-21,1,-0.015327299703510093,16
2024-10-21,2,0.06704971276110122,16
2024-10-21,3,0.06591122221220264,15
2024-10-21,4,0.08866368661110599,16
2024-10-21,5,0.08520138247942219,16
2024-10-22,1,0.07000121452557315,16
2024-10-22,2,0.09108178854926487,16
2024-10-22,3,0.11574534915041215,15
2024-10-22,4,0.1196380013596193,16
2024-10-22,5,0.11921874999999996,16
2024-10-23,1,0.016248867374219843,16
2024-10-23,2,0.1061313023129229,16
2024-10-23,3,0.09240560524320222,15
2024-10-23,4,0.12,16
2024-10-23,5,0.09961479048590796,16
2024-10-24,1,-0.009731570541688071,16
2024-10-24,2,-0.005236945216463534,16
2024-10-24,3,0.052566620331745965,15
2024-10-24,4,0.06603270740928621,16
2024-10-24,5,0.06668244782559166,16
2024-10-25,1,-0.07579291933579793,16
2024-10-25,2,-0.03496060856723304,15
2024-10-25,3,-0.032540428744216116,16
2024-10-25,4,0.03462347308801592,15
2024-10-25,5,0.023487158343070212,16
2024-10-28,1,-0.07889694472630317,16
2024-10-28,2,-0.018626940995996953,15
2024-10-28,3,0.03085908256941894,16
2024-10-28,4,0.016650509895952202,15
2024-10-28,5,0.031089604262733266,16
2024-10-29,1,-0.05284744260502466,16
2024-10-29,2,0.017650117158005275,16
2024-10-29,3,0.04286797630175998,15
2024-10-29,4,0.029870944045770564,16
2024-10-29,5,0.03279403424439172,16
2024-10-30,1,0.0035610451716413943,16
2024-10-30,2,0.04315696501361942,16
2024-10-30,3,0.06328171475834729,15
2024-10-30,4,0.08278289655540841,16
2024-10-30,5,0.0807746234919997,16
2024-10-31,1,0.035513499814409266,16
2024-10-31,2,0.08535649711460816,16
2024-10-31,3,0.11841505131128846,16
2024-10-31,4,0.11029578113160818,16
2024-10-31,5,0.12,16
2024-11-01,1,0.10111863001131463,16
2024-11-01,2,0.12,16
2024-11-01,3,0.1190948275862069,16
2024-11-01,4,0.12,16
2024-11-01,5,0.12,16
2024-11-04,1,0.04270477059768356,16
2024-11-04,2,0.10669506205978818,16
2024-11-04,3,0.10138624135279906,16
2024-11-04,4,0.1136599337222087,16
2024-11-04,5,0.10738654602409607,16
2024-11-05,1,-0.01982899556079977,16
2024-11-05,2,0.06076312478017687,16
2024-11-05,3,0.04569124889341081,15
2024-11-05,4,0.04402006603528263,16
2024-11-05,5,0.0234130794049945,16
2024-11-06,1,-0.04345523633852384,16
2024-11-06,2,0.02876284817146283,16
2024-11-06,3,-0.010229491075596793,16
2024-11-06,4,0.014376146096328347,16
2024-11-06,5,-0.002791054252412363,16
2024-11-07,1,-0.06558214395309911,16
2024-11-07,2,-0.04720600416757899,16
2024-11-07,3,-0.034663123921657844,16
2024-11-07,4,-0.05901016272414279,16
2024-11-07,5,-0.06008710722601495,16
2024-11-08,1,-0.008885411013023696,16
2024-11-08,2,-0.014834813855725576,16
2024-11-08,3,-0.037428245566198476,16
2024-11-08,4,-0.014235440501130556,16
2024-11-08,5,0.0035005484356164587,16
2024-11-11,1,-0.012181184646316658,16
2024-11-11,2,-0.043698045227971626,16
2024-11-11,3,-0.0070252436052557765,16
2024-11-11,4,-0.007958827432318044,16
2024-11-11,5,-0.018959848400523525,16
2024-11-12,1,-0.056870007335823064,16
2024-11-12,2,-0.04312837221902469,16
2024-11-12,3,-0.003350690114855649,16
2024-11-12,4,-0.011698658524530975,16
2024-11-12,5,-0.041442941666723826,16
2024-11-13,1,-0.02505759426734251,16
2024-11-13,2,0.033584630932742596,16
2024-11-13,3,0.007539117244040945,16
2024-11-13,4,0.0021126709313545114,16
2024-11-13,5,0.0009038594289186783,16
2024-11-14,1,0.029129733287776793,16
2024-11-14,2,0.04174255496862454,16
2024-11-14,3,0.04634367915644686,16
2024-11-14,4,0.06054879922293927,16
2024-11-14,5,0.09399506518773326,16
2024-11-15,1,0.0037197213696708864,16
2024-11-15,2,0.008211268538411726,16
2024-11-15,3,-0.005431636251450232,16
2024-11-15,4,0.010909535375943427,16
2024-11-15,5,0.05259786258349439,16
2024-11-18,1,0.046247028197271486,16
2024-11-18,2,0.023805789157348538,16
2024-11-18,3,0.019483977764595053,16
2024-11-18,4,0.020671384675841682,16
2024-11-18,5,0.057535693694415094,16
2024-11-19,1,-0.012191014121347217,16
2024-11-19,2,0.013812509920454706,16
2024-11-19,3,0.02218980828054904,16
2024-11-19,4,0.018807436848598792,16
2024-11-19,5,0.021510624056739813,16
2024-11-20,1,-0.07012832611330697,16
2024-11-20,2,-0.008202389702569923,16
2024-11-20,3,-0.02976298488917345,16
2024-11-20,4,0.009397081346550366,16
2024-11-20,5,-0.0019573747908394196,16
2024-11-21,1,-0.026767306145459045,16
2024-11-21,2,-0.06053638134034244,16
2024-11-21,3,-0.03976490194690625,15
2024-11-21,4,-0.04543080818117091,16
2024-11-21,5,-0.04753676104251149,16
2024-11-22,1,-0.003196959560194494,16
2024-11-22,2,0.0009193910405120923,16
2024-11-22,3,-0.01919390222784905,16
2024-11-22,4,0.047635945273765336,16
2024-11-22,5,0.03286090035949728,16
2024-11-25,1,-0.03673125737272266,16
2024-11-25,2,0.04657583338678557,16
2024-11-25,3,0.05286870838460527,16
2024-11-25,4,0.07337998548068292,16
2024-11-25,5,0.07629755988141396,16
2024-11-26,1,0.05004510340684463,16
2024-11-26,2,0.07601497721270514,16
2024-11-26,3,0.08605534551789532,16
2024-11-26,4,0.09141291258364717,16
2024-11-26,5,0.10895270272892724,16
2024-11-27,1,-0.010339035357240726,16
2024-11-27,2,0.018199693912605584,16
2024-11-27,3,0.05103524105528643,16
2024-11-27,4,0.05878341367594102,16
2024-11-27,5,0.058137581861850814,16
2024-11-28,1,-0.03273157911219548,16
2024-11-28,2,0.02721930405660483,16
2024-11-28,3,0.037452252503899344,16
2024-11-28,4,0.06450861132787236,16
2024-11-28,5,0.05270281867073927,16
2024-11-29,1,-0.04612524729666848,16
2024-11-29,2,-0.012009743533145517,16
2024-11-29,3,-0.0016527012562557938,16
2024-11-29,4,0.02182151285575836,16
2024-11-29,5,-0.007595056496943857,16
2024-12-02,1,-0.09215751857364674,16
2024-12-02,2,-0.07873897055897447,16
2024-12-02,3,-0.09427704445169549,16
2024-12-02,4,-0.08794112648456573,16
2024-12-02,5,-0.11782330686931045,16
2024-12-03,1,-0.07250374550878202,16
2024-12-03,2,-0.08352754827127964,16
2024-12-03,3,-0.0846608732119288,15
2024-12-03,4,-0.07240229062922476,16
2024-12-03,5,-0.09699557254412133,16
2024-12-04,1,-0.0953889652567515,16
2024-12-04,2,-0.0832007673253534,16
2024-12-04,3,-0.07149364818398043,16
2024-12-04,4,-0.06646996923089682,16
2024-12-04,5,-0.10498974564840871,16
2024-12-05,1,-0.10069837663757053,16
2024-12-05,2,-0.09065571581681883,16
2024-12-05,3,-0.07835135264902043,16
2024-12-05,4,-0.08853201441531597,16
2024-12-05,5,-0.08916804860891453,16
2024-12-06,1,-0.08734032730652601,16
2024-12-06,2,-0.0816695769326361,16
2024-12-06,3,-0.06973034283494212,16
2024-12-06,4,-0.07107154016774152,16
2024-12-06,5,-0.0798822642069936,16
2024-12-09,1,-0.06302829065453665,16
2024-12-09,2,-0.024616127603045067,16
2024-12-09,3,-0.037912882276298424,16
2024-12-09,4,-0.05364677483244334,16
2024-12-09,5,0.0012983619226870774,16
2024-12-10,1,-0.10140032936777982,16
2024-12-10,2,-0.07469457757889107,16
2024-12-10,3,-0.08130147107934865,16
2024-12-10,4,-0.0646356665363278,16
2024-12-10,5,-0.07636167037873182,16
2024-12-11,1,-0.0889012992873136,16
2024-12-11,2,-0.08140185874231622,16
2024-12-11,3,-0.07723658079002987,16
2024-12-11,4,-0.07732931903217949,16
2024-12-11,5,-0.07161257017361819,16
2024-12-12,1,-0.06195623561120321,16
2024-12-12,2,-0.053422820873734254,16
2024-12-12,3,-0.0729043661653012,16
2024-12-12,4,-0.06217341581976875,16
2024-12-12,5,-0.04886535666443591,16
2024-12-13,1,-0.07766487666193964,16
2024-12-13,2,-0.06289131406251446,16
2024-12-13,3,-0.0536098148015842,16
2024-12-13,4,-0.0673496193879846,16
2024-12-13,5,-0.05731771891125302,16
2024-12-16,1,-0.08293367143993516,16
2024-12-16,2,-0.03973152142039821,16
2024-12-16,3,-0.06809883491093446,16
2024-12-16,4,-0.10101565844248814,16
2024-12-16,5,-0.09036194133632638,16
2024-12-17,1,-0.05150785338574883,16
2024-12-17,2,-0.027892906667501716,16
2024-12-17,3,-0.024140023641352537,16
2024-12-17,4,-0.04736957566045951,16
2024-12-17,5,-0.033756577911111536,16
2024-12-18,1,-0.07309382493126323,16
2024-12-18,2,-0.05138582810955694,16
2024-12-18,3,-0.06854874470403195,16
2024-12-18,4,-0.05986249905078541,16
2024-12-18,5,-0.06127556185371626,16
2024-12-19,1,-0.06406247333780805,16
2024-12-19,2,-0.06151880708142216,16
2024-12-19,3,-0.08134696472706378,16
2024-12-19,4,-0.09099120468786741,16
2024-12-19,5,-0.07965428631508661,16
2024-12-20,1,-0.0716114858068467,16
2024-12-20,2,-0.07213146704631361,16
2024-12-20,3,-0.07221441497785058,16
2024-12-20,4,-0.07134203224298613,16
2024-12-20,5,-0.0717937334701711,16
2024-12-23,1,-0.07172264797845226,16
2024-12-23,2,-0.06594136863539715,16
2024-12-23,3,-0.08651804157856169,16
2024-12-23,4,-0.08000262415362352,16
2024-12-23,5,-0.06786039178117606,16
2024-12-24,1,-0.07206763972109964,16
2024-12-24,2,-0.08610157786898841,16
2024-12-24,3,-0.08177709058657501,16
2024-12-24,4,-0.08523555734239227,16
2024-12-24,5,-0.06523320815373672,16
2024-12-25,1,-0.08080990629121139,16
2024-12-25,2,-0.07093541196803795,16
2024-12-25,3,-0.04527136107408331,16
2024-12-25,4,-0.0419570834462163,16
2024-12-25,5,-0.00014949187420882498,16
2024-12-26,1,-0.0717497712307528,16
2024-12-26,2,-0.07187929115373551,16
2024-12-26,3,-0.04613745789834553,16
2024-12-26,4,-0.047994780888517434,16
2024-12-26,5,-0.028061013482909285,16
2024-12-27,1,-0.0717743663402032,16
2024-12-27,2,-0.08069978243378989,16
2024-12-27,3,-0.04988091072424326,16
2024-12-27,4,-0.03893040231222137,16
2024-12-27,5,-0.067911688800469,16
2024-12-30,1,-0.005928529325007238,16
2024-12-30,2,0.005282199919094364,16
2024-12-30,3,0.019107816434562448,16
2024-12-30,4,0.013208828916498022,16
2024-12-30,5,0.02094154782032668,16
2024-12-31,1,-0.007433660030099445,16
2024-12-31,2,0.022393316095852142,16
2024-12-31,3,0.03842866820461033,16
2024-12-31,4,0.038767417965804574,16
2024-12-31,5,0.02396882305925354,16
2025-01-02,1,-0.004491299325581698,16
2025-01-02,2,0.040205641824744225,16
2025-01-02,3,0.055817345531631285,16
2025-01-02,4,0.05597115016006709,16
2025-01-02,5,0.07703877574208837,16
2025-01-03,1,-0.0337092260575229,16
2025-01-03,2,-0.006136462366671064,16
2025-01-03,3,0.024570386311840463,16
2025-01-03,4,0.02578184678078914,16
2025-01-03,5,0.007481574600460984,16
2025-01-06,1,-0.0620524286150818,16
2025-01-06,2,0.022519775115544996,16
2025-01-06,3,-0.014668134593086836,16
2025-01-06,4,0.01672273844843112,16
2025-01-06,5,-0.006237277848680466,16
2025-01-07,1,0.025248099085129663,16
2025-01-07,2,0.053339825363715905,16
2025-01-07,3,0.04606108395592384,16
2025-01-07,4,0.06310290996839232,16
2025-01-07,5,0.06905765826529547,16
2025-01-08,1,0.031793093999081944,16
2025-01-08,2,0.04472949530594697,16
2025-01-08,3,0.043097729458361315,16
2025-01-08,4,0.032763208226711006,16
2025-01-08,5,0.04696582971593279,16
2025-01-09,1,0.020398922570817414,16
2025-01-09,2,0.023296039641741248,16
2025-01-09,3,0.04942129514381724,16
2025-01-09,4,0.03530280035092077,16
2025-01-09,5,0.04530900052867661,16
2025-01-10,1,0.06163400899975755,16
2025-01-10,2,0.08082295973002673,16
2025-01-10,3,0.07819691118004383,16
2025-01-10,4,0.06847998415063278,16
2025-01-10,5,0.055862698567171035,16
2025-01-13,1,0.0656449199679968,16
2025-01-13,2,0.08529950631972111,16
2025-01-13,3,0.09617487529913132,16
2025-01-13,4,0.08469780740201009,16
2025-01-13,5,0.08222029275750958,16
2025-01-14,1,-0.01203747884940231,16
2025-01-14,2,0.012970496907569164,16
2025-01-14,3,-0.0005188440374837011,16
2025-01-14,4,-0.010429011458049267,16
2025-01-14,5,-0.006809347060082495,16
2025-01-15,1,-0.021424886826466816,16
2025-01-15,2,-0.03479506558608297,16
2025-01-15,3,-0.02737573256688157,16
2025-01-15,4,-0.04852988637019589,16
2025-01-15,5,-0.02674951239941259,16
2025-01-16,1,-0.05187261937376746,16
2025-01-16,2,-0.028995790182090184,16
2025-01-16,3,-0.05245968753735804,16
2025-01-16,4,-0.05797102962770734,16
2025-01-16,5,-0.043092790693795915,16
2025-01-17,1,-0.038408479149782196,16
2025-01-17,2,-0.039384078524253116,16
2025-01-17,3,-0.00016627843867504655,16
2025-01-17,4,-0.028185067521782597,16
2025-01-17,5,-0.024627727444325363,16
2025-01-20,1,-0.08678644380114917,16
2025-01-20,2,-0.06023493315755799,16
2025-01-20,3,-0.04293519351983761,16
2025-01-20,4,-0.046634307646130205,16
2025-01-20,5,-0.03048431175688506,16
2025-01-21,1,-0.06568815746512502,16
2025-01-21,2,-0.05318589710814112,16
2025-01-21,3,-0.030216207383525893,16
2025-01-21,4,-0.03192692352744266,16
2025-01-21,5,-0.036113853924938065,16
2025-01-22,1,0.020060427366040134,16
2025-01-22,2,0.047556464292988744,16
2025-01-22,3,0.031818236996921254,16
2025-01-22,4,0.04872880173758623,16
2025-01-22,5,0.034214761203496494,16
2025-01-23,1,0.04351802838380858,16
2025-01-23,2,0.08835138484465893,16
2025-01-23,3,0.07161219783594963,16
2025-01-23,4,0.08956742299431965,16
2025-01-23,5,0.07201007474713714,16
2025-01-24,1,0.0766635569943829,16
2025-01-24,2,0.1013269530757048,16
2025-01-24,3,0.09559772617008291,16
2025-01-24,4,0.10120069789423311,16
2025-01-24,5,0.09716802702945578,16
2025-01-27,1,0.1053251828191468,16
2025-01-27,2,0.11758039161669062,16
2025-01-27,3,0.11418520614181737,16
2025-01-27,4,0.10547693630241774,16
2025-01-27,5,0.11445527046977541,16
2025-02-05,1,0.10263549038712715,16
2025-02-05,2,0.11648055995188748,16
2025-02-05,3,0.11947087279311652,16
2025-02-05,4,0.11396114251375408,16
2025-02-05,5,0.11614135099919956,16
2025-02-06,1,0.07763244637118732,16
2025-02-06,2,0.08211818224695946,16
2025-02-06,3,0.07368521253993648,16
2025-02-06,4,0.07523188235959241,16
2025-02-06,5,0.08369742610672559,16
2025-02-07,1,0.06832696480448155,16
2025-02-07,2,0.04562994216745396,16
2025-02-07,3,0.04082168382186154,16
2025-02-07,4,0.04863443807319933,16
2025-02-07,5,0.03300013574143842,16
2025-02-10,1,0.02336507844990049,16
2025-02-10,2,0.048893908867707524,16
2025-02-10,3,0.027170849554784174,16
2025-02-10,4,0.03322572019072961,16
2025-02-10,5,0.023916189297397195,16
2025-02-11,1,-0.03331588310214298,16
2025-02-11,2,-0.007302026310364376,16
2025-02-11,3,0.010566327996680079,16
2025-02-11,4,-0.03250868235850837,16
2025-02-11,5,-0.025840278299910903,16
2025-02-12,1,-0.01201107712791364,16
2025-02-12,2,0.0014124885551949767,16
2025-02-12,3,0.018275951147702574,15
2025-02-12,4,-0.0061845545317782274,16
2025-02-12,5,-0.0063721542052590716,16
2025-02-13,1,-0.003523007231637655,16
2025-02-13,2,0.049853988990843034,16
2025-02-13,3,0.055303468378880914,16
2025-02-13,4,0.063816969722187,16
2025-02-13,5,0.03693712179406643,16
2025-02-14,1,0.015757898094787268,16
2025-02-14,2,0.03927095694447584,16
2025-02-14,3,0.07290518232132714,16
2025-02-14,4,0.0727658678004066,16
2025-02-14,5,0.06798223075670368,16
2025-02-17,1,-0.017921205690424928,16
2025-02-17,2,0.024191455015538203,16
2025-02-17,3,0.030656774852431644,16
2025-02-17,4,0.05352141972657596,16
2025-02-17,5,0.031093022669232744,16
2025-02-18,1,0.013722142172357593,16
2025-02-18,2,0.03543821645402565,16
2025-02-18,3,0.06747658503195184,16
2025-02-18,4,0.060985308164515674,16
2025-02-18,5,0.04419939112574668,16
2025-02-19,1,0.03616440615843683,16
2025-02-19,2,0.016190113598960082,16
2025-02-19,3,0.04645919238472508,16
2025-02-19,4,0.03898259040737037,16
2025-02-19,5,0.02769342339591252,16
2025-02-20,1,0.005841689499021335,16
2025-02-20,2,0.03644217792574162,16
2025-02-20,3,0.038618615340689486,16
2025-02-20,4,0.04858872677812436,16
2025-02-20,5,0.02015237205749834,16
2025-02-21,1,-0.03853689570939065,16
2025-02-21,2,-0.03518543411901227,16
2025-02-21,3,0.014888022130320547,16
2025-02-21,4,-0.024323515234922523,16
2025-02-21,5,0.008856451831977058,16
2025-02-24,1,-0.027488389632682207,16
2025-02-24,2,0.02807015338687429,16
2025-02-24,3,0.01900901494191607,16
2025-02-24,4,0.03997969505889424,16
2025-02-24,5,0.04389053785849014,16
2025-02-25,1,0.020312544191377166,16
2025-02-25,2,0.051313232912929045,16
2025-02-25,3,0.07832314931409201,16
2025-02-25,4,0.0950523370367574,16
2025-02-25,5,0.10680330145365874,16
2025-02-26,1,0.05853770362695273,16
2025-02-26,2,0.06840751479420082,16
2025-02-26,3,0.10151606630626808,16
2025-02-26,4,0.08281277223556009,16
2025-02-26,5,0.08977069102727547,16
2025-02-27,1,-0.0037051903513366513,16
2025-02-27,2,0.04345506323195136,16
2025-02-27,3,0.07115303402728189,16
2025-02-27,4,0.09531049196752686,16
2025-02-27,5,0.07108179285532457,16
2025-02-28,1,0.07066863333816889,16
2025-02-28,2,0.062186961818783026,16
2025-02-28,3,0.0890694795941003,16
2025-02-28,4,0.11042541944909998,16
2025-02-28,5,0.08479638043315008,16
2025-03-03,1,0.028241168241537495,16
2025-03-03,2,0.060027053368149924,16
2025-03-03,3,0.08007149508452768,16
2025-03-03,4,0.08351898725661783,16
2025-03-03,5,0.09974717337687539,16
2025-03-04,1,0.004225085186763233,16
2025-03-04,2,0.0229155123880357,16
2025-03-04,3,0.06900284251310482,16
2025-03-04,4,0.039114260398052776,16
2025-03-04,5,0.03840871308434011,16
2025-03-05,1,-0.02010443823499823,16
2025-03-05,2,-0.004030060692892773,16
2025-03-05,3,0.02218446698286617,16
2025-03-05,4,0.05520083406605806,16
2025-03-05,5,0.029026555529637878,16
2025-03-06,1,-0.016877704667741827,16
2025-03-06,2,0.011205013155668984,16
2025-03-06,3,3.642308314573406e-05,16
2025-03-06,4,0.0369491664123499,16
2025-03-06,5,0.04428661619065701,16
2025-03-07,1,0.007043973636588145,16
2025-03-07,2,0.042692199295388734,16
2025-03-07,3,0.05180831075432591,16
2025-03-07,4,0.08505198187862807,16
2025-03-07,5,0.08269090129894349,16
2025-03-10,1,-0.008011331266780525,16
2025-03-10,2,0.05168879224916068,16
2025-03-10,3,0.05274369291861625,16
2025-03-10,4,0.0745955319052245,16
2025-03-10,5,0.08483854966423265,16
2025-03-11,1,0.020129978102828433,16
2025-03-11,2,0.039636835244403215,16
2025-03-11,3,0.08677802271042784,16
2025-03-11,4,0.0731789419060385,16
2025-03-11,5,0.08804073081597084,16
2025-03-12,1,0.0014156160293758435,16
2025-03-12,2,-0.0031234606341798005,16
2025-03-12,3,-0.0014403975765521146,16
2025-03-12,4,0.03442649073627331,16
2025-03-12,5,0.0013546620736482398,16
2025-03-13,1,-0.04664163016805412,16
2025-03-13,2,-0.01613418867972785,16
2025-03-13,3,-0.01972976698521787,16
2025-03-13,4,-0.016815819556124365,16
2025-03-13,5,-0.040146147478462846,16
2025-03-14,1,-0.06865787710342333,16
2025-03-14,2,-0.09627641291502909,16
2025-03-14,3,-0.07470327065218257,16
2025-03-14,4,-0.09208082176295695,16
2025-03-14,5,-0.10974661886305173,16
2025-03-17,1,-0.08160660098744354,16
2025-03-17,2,-0.07933025987688175,16
2025-03-17,3,-0.10003450405470807,16
2025-03-17,4,-0.10153876812729225,16
2025-03-17,5,-0.11221441668094456,16
2025-03-18,1,-0.09164708808142621,16
2025-03-18,2,-0.07745436709995772,16
2025-03-18,3,-0.0970155305442387,16
2025-03-18,4,-0.08363132415547175,16
2025-03-18,5,-0.09921398214004022,16
2025-03-19,1,-0.06877141709523342,16
2025-03-19,2,-0.0494980040748589,16
2025-03-19,3,-0.05567624029180622,16
2025-03-19,4,-0.04044979725120223,16
2025-03-19,5,-0.045748122556665986,16
2025-03-20,1,-0.04838656155636748,16
2025-03-20,2,0.006289153539745511,16
2025-03-20,3,-0.0007930549080825688,16
2025-03-20,4,0.009082535033780911,16
2025-03-20,5,0.008855898087811918,16
2025-03-21,1,-0.014752236680121773,16
2025-03-21,2,0.01951865121623053,16
2025-03-21,3,0.007732503080596462,16
2025-03-21,4,0.01581776945113078,16
2025-03-21,5,-0.005792168517409581,16
2025-03-24,1,-0.05122045333375998,16
2025-03-24,2,-0.031059676169028078,16
2025-03-24,3,-0.034280376648945995,16
2025-03-24,4,-0.03886861804789341,16
2025-03-24,5,-0.030513759831668714,16
2025-03-25,1,-0.040405515945530136,16
2025-03-25,2,-0.0468478546615809,16
2025-03-25,3,-0.05972874092708802,16
2025-03-25,4,-0.059522137961129484,16
2025-03-25,5,-0.06427178698303568,16
2025-03-26,1,-0.045018992331214,16
2025-03-26,2,-0.01884993527882646,16
2025-03-26,3,-0.05359151327651745,16
2025-03-26,4,-0.04931667564557061,16
2025-03-26,5,-0.05181926262946714,16
2025-03-27,1,-0.054174130183262455,16
2025-03-27,2,-0.03377821604768079,16
2025-03-27,3,-0.053772803248306585,16
2025-03-27,4,-0.040842404381934275,16
2025-03-27,5,-0.02859412824453924,16
2025-03-28,1,-0.08647982439924629,16
2025-03-28,2,-0.10035060013852014,16
2025-03-28,3,-0.11694121447028424,16
2025-03-28,4,-0.08252798633550845,16
2025-03-28,5,-0.11677018633540374,16
2025-03-31,1,-0.0876754451211302,16
2025-03-31,2,-0.0710625226781726,16
2025-03-31,3,-0.05781690315960776,16
2025-03-31,4,-0.07854425840523516,16
2025-03-31,5,-0.04730016022977168,16
2025-04-01,1,-0.035297155334083785,16
2025-04-01,2,0.0007266398665622953,16
2025-04-01,3,-0.06303003983869099,16
2025-04-01,4,-0.025781852762091273,16
2025-04-01,5,-0.0070348131148956425,16
2025-04-02,1,-0.019706348733111334,16
2025-04-02,2,0.00048110251787183284,16
2025-04-02,3,-0.009632943006386098,16
2025-04-02,4,0.007519883373959826,16
2025-04-02,5,0.041410381332937105,16
2025-04-03,1,0.020033164139540482,16
2025-04-03,2,0.0020079768214462113,16
2025-04-03,3,0.005044178626566011,16
2025-04-03,4,-0.003260864605698917,16
2025-04-03,5,0.023818336562678753,16
2025-04-07,1,0.12,16
2025-04-07,2,0.12,16
2025-04-07,3,0.11591670482295484,16
2025-04-07,4,0.12,16
2025-04-07,5,0.11981635071090047,16
2025-04-08,1,0.07259220902435742,16
2025-04-08,2,0.10679318124397114,16
2025-04-08,3,0.10583398436701251,16
2025-04-08,4,0.12,16
2025-04-08,5,0.11910820158102764,16
2025-04-09,1,0.04002956882486693,16
2025-04-09,2,0.06359796097453659,16
2025-04-09,3,0.03541201223508588,16
2025-04-09,4,0.060919050659381045,16
2025-04-09,5,0.044390848140357035,16
2025-04-10,1,-0.02310997337476582,16
2025-04-10,2,0.007917430847755424,16
2025-04-10,3,0.0571881218315224,16
2025-04-10,4,0.04556909207264498,16
2025-04-10,5,0.041074579709280266,16
2025-04-11,1,-0.03094654458551905,16
2025-04-11,2,0.03163934119809369,16
2025-04-11,3,0.06664124643146203,16
2025-04-11,4,0.06158483710896139,16
2025-04-11,5,0.04451976072142062,16
2025-04-14,1,-0.021835902121026055,16
2025-04-14,2,0.005645600044798638,16
2025-04-14,3,0.062331778941165386,16
2025-04-14,4,0.05479806599313149,16
2025-04-14,5,0.048193257154213034,16
2025-04-15,1,0.005229667758694309,16
2025-04-15,2,0.012416881182158578,16
2025-04-15,3,0.01665179253390281,16
2025-04-15,4,0.029985479915339383,16
2025-04-15,5,0.02705707820640702,16
2025-04-16,1,-0.013378087778562246,16
2025-04-16,2,0.031609626397972365,16
2025-04-16,3,0.05515446495993539,16
2025-04-16,4,0.05550698098728996,16
2025-04-16,5,0.051481976472791006,16
2025-04-17,1,-0.04188084448444265,16
2025-04-17,2,-0.022534724442453434,16
2025-04-17,3,-0.0003561401451359983,16
2025-04-17,4,-0.01387147189470158,16
2025-04-17,5,-0.005548767929430896,16
2025-04-18,1,-0.052036758289852485,16
2025-04-18,2,-0.05663670952583907,16
2025-04-18,3,-0.038359068443497235,16
2025-04-18,4,-0.032879263283397756,16
2025-04-18,5,-0.019166600188981635,16
2025-04-21,1,-0.08401421687576541,16
2025-04-21,2,-0.09305814771150632,16
2025-04-21,3,-0.07913779304728683,16
2025-04-21,4,-0.0889805386072195,16
2025-04-21,5,-0.07213251119215475,16
2025-04-22,1,-0.07357128982783513,16
2025-04-22,2,-0.07099342728445585,16
2025-04-22,3,-0.05785488392528824,16
2025-04-22,4,-0.06676445743238135,16
2025-04-22,5,-0.03102544665338019,16
2025-04-23,1,-0.026056272170050188,16
2025-04-23,2,-0.020930688612941346,16
2025-04-23,3,-0.04694372522324822,16
2025-04-23,4,-0.04204705723051609,16
2025-04-23,5,-0.008833607911577508,16
2025-04-24,1,0.00152783795952003,16
2025-04-24,2,0.04978262933679299,16
2025-04-24,3,0.0520908937181297,16
2025-04-24,4,0.03850582883211895,16
2025-04-24,5,0.06124422676285116,16
2025-04-25,1,0.03544553203321768,16
2025-04-25,2,0.05483871501695209,16
2025-04-25,3,0.06280149103968913,16
2025-04-25,4,0.06370376125592155,16
2025-04-25,5,0.08722512658458667,16
2025-04-28,1,0.08441858339836528,16
2025-04-28,2,0.10058012221087834,16
2025-04-28,3,0.07494891620487083,16
2025-04-28,4,0.09539958391184998,16
2025-04-28,5,0.10637506447978769,16
2025-04-29,1,0.055450801669376784,16
2025-04-29,2,0.055984575335024246,15
2025-04-29,3,0.10448643628256879,15
2025-04-29,4,0.08434547051642406,15
2025-04-29,5,0.09764726122534821,16
2025-04-30,1,0.06874907813153416,16
2025-04-30,2,0.09030064047626915,15
2025-04-30,3,0.07276207877507929,15
2025-04-30,4,0.07865297381126553,15
2025-04-30,5,0.0688872019920039,16
2025-05-06,1,0.0114445224749729,16
2025-05-06,2,-0.003922171110991602,15
2025-05-06,3,0.0388702432813332,15
2025-05-06,4,0.017143147968796155,15
2025-05-06,5,0.0110244012310182,16
2025-05-07,1,0.017370454901348205,16
2025-05-07,2,0.00781078691825184,15
2025-05-07,3,0.009178742908773348,15
2025-05-07,4,0.013101037448719984,15
2025-05-07,5,0.01317601005560564,16
2025-05-08,1,-0.01277874088138109,16
2025-05-08,2,0.017113137651324755,15
2025-05-08,3,0.01284729792977087,15
2025-05-08,4,0.03167322539190605,15
2025-05-08,5,0.031755882668273394,16
2025-05-09,1,-0.0045095068100752325,16
2025-05-09,2,0.03294664113213203,15
2025-05-09,3,0.013411705869345526,15
2025-05-09,4,0.04554924951677814,15
2025-05-09,5,0.04346041381946346,16
2025-05-12,1,-0.018924066556264024,16
2025-05-12,2,0.001542297315897323,15
2025-05-12,3,0.03590122352892742,15
2025-05-12,4,0.035435421493849074,15
2025-05-12,5,0.015268616024691276,16
2025-05-13,1,0.02491717334523922,16
2025-05-13,2,0.04914639447236259,15
2025-05-13,3,0.07768161690473455,15
2025-05-13,4,0.07640774752036768,15
2025-05-13,5,0.08360997239527479,16
2025-05-14,1,-0.012015946057095626,16
2025-05-14,2,0.04788919573417576,15
2025-05-14,3,0.04451459944738844,15
2025-05-14,4,0.05325880117875663,15
2025-05-14,5,0.06688641416478841,16
2025-05-15,1,-0.0390631446956714,16
2025-05-15,2,-0.022132895167737688,15
2025-05-15,3,0.011277149539496182,15
2025-05-15,4,-0.021729580430999144,15
2025-05-15,5,0.00015539878432840187,16
2025-05-16,1,-0.05922041604765054,16
2025-05-16,2,-0.03173483991976653,15
2025-05-16,3,-0.03450456024732119,15
2025-05-16,4,-0.042655895011258535,15
2025-05-16,5,-0.006648588175366073,16
2025-05-19,1,-0.024851800159594387,16
2025-05-19,2,-0.03980881574402152,15
2025-05-19,3,-0.03122575180078217,15
2025-05-19,4,-0.015724040864960338,15
2025-05-19,5,-0.011047231442333098,16
2025-05-20,1,-0.06716287226213173,16
2025-05-20,2,-0.05050457494672973,15
2025-05-20,3,-0.058860607735286896,15
2025-05-20,4,-0.0633962745808831,15
2025-05-20,5,-0.037798605074620906,16
2025-05-21,1,-0.07434398377062423,16
2025-05-21,2,-0.043831889712594066,15
2025-05-21,3,-0.05541892086485677,15
2025-05-21,4,-0.058399554329215106,15
2025-05-21,5,-0.03626101978736345,16
2025-05-22,1,-0.007713623129108546,16
2025-05-22,2,0.03255259882073433,15
2025-05-22,3,0.011946340407174535,15
2025-05-22,4,0.024823180357153963,15
2025-05-22,5,0.04272250179045064,16
2025-05-23,1,-0.001201980399676228,16
2025-05-23,2,0.028575465388070365,15
2025-05-23,3,0.014044446015510137,15
2025-05-23,4,0.03851231773747177,15
2025-05-23,5,0.012565816059466273,16
2025-05-26,1,-0.011992963830617709,16
2025-05-26,2,0.014301017072388482,15
2025-05-26,3,0.00624131439292952,15
2025-05-26,4,0.02110342270149799,15
2025-05-26,5,-0.003922822160594926,16
2025-05-27,1,-0.017923869555085847,16
2025-05-27,2,0.03275744364962988,15
2025-05-27,3,0.018896114782407283,15
2025-05-27,4,0.04209321085248261,15
2025-05-27,5,0.019902392608160277,16
2025-05-28,1,-0.027470853801090024,16
2025-05-28,2,0.03509955140062974,15
2025-05-28,3,0.036113705546649374,15
2025-05-28,4,0.05463674731314984,15
2025-05-28,5,0.05538857426048648,16
2025-05-29,1,-0.0096824004235267,16
2025-05-29,2,-0.02296692002902871,15
2025-05-29,3,0.010145660608897026,15
2025-05-29,4,-0.005612420057640947,15
2025-05-29,5,0.013133267723220376,16
2025-05-30,1,0.030803225183986434,16
2025-05-30,2,0.03613563885998231,15
2025-05-30,3,0.05245782296776092,15
2025-05-30,4,0.013565521311705424,15
2025-05-30,5,0.038624022310042486,16
2025-06-03,1,0.01697292075359709,16
2025-06-03,2,0.003004338991250381,15
2025-06-03,3,0.012317555877930745,15
2025-06-03,4,0.010952445328861223,15
2025-06-03,5,0.03175072455901687,16
2025-06-04,1,-0.0023206985404412503,16
2025-06-04,2,0.01416211685833754,15
2025-06-04,3,0.0026051481448815675,15
2025-06-04,4,0.010026699850149612,15
2025-06-04,5,0.040182457686617844,16
2025-06-05,1,0.013146817954321675,16
2025-06-05,2,0.01608071409074881,15
2025-06-05,3,0.02320177323735455,15
2025-06-05,4,0.01778567625535595,15
2025-06-05,5,0.040251706154518,16
2025-06-06,1,-0.011205304173034496,16
2025-06-06,2,-0.008618828711346449,15
2025-06-06,3,-0.005150775218306699,15
2025-06-06,4,0.002406393701200623,15
2025-06-06,5,0.009623904195572942,16
2025-06-09,1,-0.01513933235052281,16
2025-06-09,2,-0.019048255008818297,15
2025-06-09,3,-0.016182598200005012,15
2025-06-09,4,0.0075718064609008396,15
2025-06-09,5,-0.0038674758160167286,16
2025-06-10,1,-0.014819773342405723,16
2025-06-10,2,-0.010380767339716697,15
2025-06-10,3,0.0015816466427237552,15
2025-06-10,4,-0.0037389453568265805,15
2025-06-10,5,-0.004467194071512075,16
2025-06-11,1,-0.005585787925387983,16
2025-06-11,2,-0.04054862857741445,15
2025-06-11,3,-0.02806008436030704,15
2025-06-11,4,-0.025004795264048536,15
2025-06-11,5,-0.006470039692714542,16
2025-06-12,1,-0.05849092736013551,16
2025-06-12,2,-0.044141842609994875,15
2025-06-12,3,-0.0565085010808384,15
2025-06-12,4,-0.0660916613832545,15
2025-06-12,5,-0.04584218206331544,16
2025-06-13,1,-0.05578649183548303,16
2025-06-13,2,-0.04149646932156163,15
2025-06-13,3,-0.027661877301378996,15
2025-06-13,4,-0.057141321840375056,15
2025-06-13,5,-0.034202391024894106,16
2025-06-16,1,-0.03646929837698836,16
2025-06-16,2,-0.02229801455946118,15
2025-06-16,3,-0.02783576730060245,15
2025-06-16,4,-0.049476453627351424,15
2025-06-16,5,-0.02989318577028966,16
2025-06-17,1,-0.019027161430405316,16
2025-06-17,2,0.00021248109212720727,15
2025-06-17,3,-0.010711462409636548,15
2025-06-17,4,0.006527295602887044,15
2025-06-17,5,0.009615903802773343,16
2025-06-18,1,0.006514268778540208,16
2025-06-18,2,0.042258944540167,15
2025-06-18,3,0.013682787318365076,15
2025-06-18,4,0.012806208055951281,15
2025-06-18,5,0.015606992243470133,16
2025-06-19,1,0.009642815785841835,16
2025-06-19,2,0.07190351617693601,15
2025-06-19,3,0.05434056878267187,15
2025-06-19,4,0.03979279031685735,15
2025-06-19,5,0.03521247581488141,16
2025-06-20,1,0.03280166990514635,16
2025-06-20,2,0.08131342287088751,15
2025-06-20,3,0.059011563716156366,15
2025-06-20,4,0.07976939111426203,15
2025-06-20,5,0.05732832267728767,16
2025-06-23,1,0.03930628292605939,16
2025-06-23,2,0.06200742815025814,15
2025-06-23,3,0.051387900320391894,15
2025-06-23,4,0.03344705288936931,15
2025-06-23,5,0.05688643639181542,16
2025-06-24,1,0.0047391888243998245,16
2025-06-24,2,0.03069103021190276,15
2025-06-24,3,0.015258189429564022,15
2025-06-24,4,0.032797503898843026,15
2025-06-24,5,0.02823158646460626,16
2025-06-25,1,-0.024962823367223892,16
2025-06-25,2,-0.005343132830924002,15
2025-06-25,3,-0.008033191643101486,15
2025-06-25,4,0.003887829660179169,15
2025-06-25,5,0.018055083290358542,16
2025-06-26,1,0.00011129434270402971,16
2025-06-26,2,-0.000910066970281731,15
2025-06-26,3,-0.004574554811120457,15
2025-06-26,4,0.011781764949112665,15
2025-06-26,5,0.02618814836603358,16
2025-06-27,1,-0.013081293001758289,16
2025-06-27,2,-0.02385635552231143,15
2025-06-27,3,-0.032135824284892166,15
2025-06-27,4,-0.01253302971255968,15
2025-06-27,5,-0.010117669450056162,16
2025-06-30,1,-0.05309101345541744,16
2025-06-30,2,-0.01895542009216795,15
2025-06-30,3,-0.03201811059200276,15
2025-06-30,4,-0.024871214708699952,15
2025-06-30,5,-0.02473271966235071,16
2025-07-01,1,-0.03824358803509571,16
2025-07-01,2,-0.026454236643366415,15
2025-07-01,3,-0.018852675365580263,15
2025-07-01,4,-0.01728876967427666,15
2025-07-01,5,-0.0038841373504700447,16
2025-07-02,1,-0.05659742893774314,16
2025-07-02,2,-0.004754877911662899,15
2025-07-02,3,-0.02709198147609728,15
2025-07-02,4,-0.020946715927334495,15
2025-07-02,5,-0.01873078819344548,16
2025-07-03,1,-0.050673057484479714,16
2025-07-03,2,-0.024747610655986015,15
2025-07-03,3,-0.020784337953478834,15
2025-07-03,4,-0.0031224721903688746,15
2025-07-03,5,-0.015892417354524686,16
2025-07-04,1,-0.017059726481228832,16
2025-07-04,2,-0.0034399122131429706,15
2025-07-04,3,0.022705980795926096,15
2025-07-04,4,0.01698286724911581,15
2025-07-04,5,0.020126687788658046,16
2025-07-07,1,0.0007964027144388014,16
2025-07-07,2,0.012903522662896124,15
2025-07-07,3,0.013102147242006564,15
2025-07-07,4,0.026158665142796633,15
2025-07-07,5,0.03119812929773593,16
2025-07-08,1,-0.017982968859759738,16
2025-07-08,2,-0.001316845991601312,15
2025-07-08,3,-0.010207288967556597,15
2025-07-08,4,0.00791420880770736,15
2025-07-08,5,0.0018149552211020326,16
2025-07-09,1,0.010161089566361504,16
2025-07-09,2,0.023995577033094836,15
2025-07-09,3,0.0037732512699127176,15
2025-07-09,4,-0.00357662063492085,15
2025-07-09,5,0.032345971857538305,16
2025-07-10,1,-6.485491454584491e-05,16
2025-07-10,2,0.008498953752943524,15
2025-07-10,3,0.013979781877789017,15
2025-07-10,4,0.006715694714445123,15
2025-07-10,5,0.011513288596954024,16
2025-07-11,1,-0.014192061252389712,16
2025-07-11,2,0.017095541757678683,15
2025-07-11,3,-0.017013716487799167,15
2025-07-11,4,-0.00529652288526438,15
2025-07-11,5,-0.0021095849067076233,16
2025-07-14,1,-0.007291337660050079,16
2025-07-14,2,0.0093864569775376,15
2025-07-14,3,0.00531720010677151,15
2025-07-14,4,0.0240821801693437,15
2025-07-14,5,0.007731067358165075,16
2025-07-15,1,-0.01186377292146152,16
2025-07-15,2,0.02812727929094703,15
2025-07-15,3,0.04437548999876462,15
2025-07-15,4,0.037235154642036666,15
2025-07-15,5,0.037293290430728515,16
2025-07-16,1,-0.020421421781706993,16
2025-07-16,2,-0.014236684155392313,15
2025-07-16,3,0.03426681474289421,15
2025-07-16,4,0.011440444092203557,15
2025-07-16,5,0.03683942996905284,16
2025-07-17,1,-0.00912011047498755,16
2025-07-17,2,0.01459854096803223,15
2025-07-17,3,0.04876890888836504,15
2025-07-17,4,0.04105622893485919,15
2025-07-17,5,0.033767080299594764,16
2025-07-18,1,0.0028950900522071443,16
2025-07-18,2,0.02485565148162685,15
2025-07-18,3,0.022190204773598343,15
2025-07-18,4,0.03206727847963363,15
2025-07-18,5,0.03184973250083989,16
2025-07-21,1,-0.00652055359458157,16
2025-07-21,2,0.011449389798529615,15
2025-07-21,3,0.0017075087555602942,15
2025-07-21,4,0.0035224985754760112,15
2025-07-21,5,0.0074990283910610425,16
2025-07-22,1,-0.01834114411744501,16
2025-07-22,2,0.016165732859686855,15
2025-07-22,3,-0.01571981108048648,15
2025-07-22,4,-0.015426781353122417,15
2025-07-22,5,0.003042980544993905,16
2025-07-23,1,-0.016204471698559333,16
2025-07-23,2,0.019867358436449743,15
2025-07-23,3,-0.005411720514815924,15
2025-07-23,4,0.001973287805684961,15
2025-07-23,5,0.004871774059673067,16
2025-07-24,1,-0.01890935208472857,16
2025-07-24,2,-0.0023291827854339847,15
2025-07-24,3,-0.039430854745776574,15
2025-07-24,4,-0.0371543590082789,15
2025-07-24,5,-0.04129809461269044,16
2025-07-25,1,-0.016987382157678026,16
2025-07-25,2,-0.014197970750139628,15
2025-07-25,3,-0.023270387928930807,15
2025-07-25,4,-0.025243429595126467,15
2025-07-25,5,-0.026631356390002338,16
2025-07-28,1,-0.03345956274107245,16
2025-07-28,2,0.0015055329147240762,15
2025-07-28,3,-0.0023418296752520423,15
2025-07-28,4,-0.014337281791180908,15
2025-07-28,5,-0.030800872485535327,16
2025-07-29,1,-0.013767879347747862,16
2025-07-29,2,-0.015022326354073768,15
2025-07-29,3,-0.019304475433011926,15
2025-07-29,4,-0.010734989286659244,15
2025-07-29,5,-0.015141601800319246,16
2025-07-30,1,-0.029313754504475535,16
2025-07-30,2,-0.0015829514521595793,15
2025-07-30,3,0.026106979903923914,15
2025-07-30,4,0.007494777318407805,15
2025-07-30,5,0.0042461627046257375,16
2025-07-31,1,-0.014045642455791069,16
2025-07-31,2,0.027728724293982706,15
2025-07-31,3,0.029934853612045398,15
2025-07-31,4,0.024041183859978364,15
2025-07-31,5,0.01848640481973176,16
2025-08-01,1,-0.008465223618099219,16
2025-08-01,2,0.0036776072717853363,15
2025-08-01,3,0.019234658494611315,15
2025-08-01,4,0.01046118276391866,15
2025-08-01,5,0.008562788960288607,16
2025-08-04,1,-0.01595096786720042,16
2025-08-04,2,0.010183089566317423,15
2025-08-04,3,0.012027420423420532,15
2025-08-04,4,0.022182778025414417,15
2025-08-04,5,0.006947306383885417,16
2025-08-05,1,-0.004361923017619292,16
2025-08-05,2,0.0014981787649441729,15
2025-08-05,3,0.003863978076212053,15
2025-08-05,4,0.001460445148391365,15
2025-08-05,5,-0.0005126594533919546,16
2025-08-06,1,-0.016466674608440153,16
2025-08-06,2,-0.010512772493765506,15
2025-08-06,3,-0.009885191703061865,15
2025-08-06,4,-0.01814424491693317,15
2025-08-06,5,-0.0008266007098532493,16
2025-08-07,1,-0.041217510358352104,16
2025-08-07,2,-0.04314521984499823,15
2025-08-07,3,-0.023472383254710395,15
2025-08-07,4,-0.05208025253043558,15
2025-08-07,5,-0.03786174816508832,16
2025-08-08,1,0.0028618193615575355,16
2025-08-08,2,0.007402469935609875,15
2025-08-08,3,0.003629660593370813,15
2025-08-08,4,-0.006494688906001023,15
2025-08-08,5,-0.0017184146108829707,16
2025-08-11,1,0.043623633914328476,16
2025-08-11,2,0.042170252431401885,15
2025-08-11,3,0.06104288269271352,15
2025-08-11,4,0.013707671071469108,15
2025-08-11,5,0.02899004175748377,16
2025-08-12,1,0.04219977039541311,16
2025-08-12,2,0.057726011991878434,15
2025-08-12,3,0.07699033361117631,15
2025-08-12,4,0.06268042908411334,15
2025-08-12,5,0.043499239297755614,16
2025-08-13,1,0.07640580866184099,16
2025-08-13,2,0.07204917907459785,15
2025-08-13,3,0.061639001469882236,15
2025-08-13,4,0.06554606995630158,15
2025-08-13,5,0.06348468871471076,16
2025-08-14,1,0.0730324770318506,16
2025-08-14,2,0.08289369487282984,15
2025-08-14,3,0.09510213108601602,15
2025-08-14,4,0.07316274318989317,15
2025-08-14,5,0.08301309905582015,16
2025-08-15,1,0.05584116753342893,16
2025-08-15,2,0.05794482233824847,15
2025-08-15,3,0.05604815621878452,15
2025-08-15,4,0.03988248264356316,15
2025-08-15,5,0.03950805506933836,16
2025-08-18,1,0.0017274317004775733,16
2025-08-18,2,-0.005934593072082891,15
2025-08-18,3,0.021861626529902933,15
2025-08-18,4,0.033243070262222854,15
2025-08-18,5,-0.0069876216555821435,16
2025-08-19,1,-0.03186550260217047,16
2025-08-19,2,0.004595769836043669,15
2025-08-19,3,-0.025549680055241667,15
2025-08-19,4,0.0004962702051980831,15
2025-08-19,5,-0.004458712479983001,16
2025-08-20,1,-0.058309539837151,16
2025-08-20,2,-0.032100390418673255,15
2025-08-20,3,-0.04867457975090753,15
2025-08-20,4,-0.04834072755454037,15
2025-08-20,5,-0.03515533338542274,16
2025-08-21,1,-0.03706084328276622,16
2025-08-21,2,-0.022922164027874756,15
2025-08-21,3,-0.02161853287945114,15
2025-08-21,4,-0.03271172188664829,15
2025-08-21,5,-0.01709415830093381,16
2025-08-22,1,-0.03903622583945249,16
2025-08-22,2,-0.02317282344690767,15
2025-08-22,3,-0.001405584131214995,15
2025-08-22,4,-0.00038298769020156755,15
2025-08-22,5,-0.02218991809109626,16
2025-08-25,1,-0.03005558023772336,16
2025-08-25,2,-0.03062724514093579,15
2025-08-25,3,-0.023963479904046035,15
2025-08-25,4,-0.002674571244675087,15
2025-08-25,5,0.010689527641062055,16
2025-08-26,1,-0.009381271535338034,16
2025-08-26,2,0.004567682536484918,15
2025-08-26,3,-0.007021492116105343,15
2025-08-26,4,0.017747313592728787,15
2025-08-26,5,0.015525974644684047,16
2025-08-27,1,-0.017310135778909823,16
2025-08-27,2,0.011046658238969923,15
2025-08-27,3,0.006934432489256781,15
2025-08-27,4,0.018314935460355654,15
2025-08-27,5,-0.01531278048548014,16
2025-08-28,1,-0.009188137128700855,16
2025-08-28,2,0.02111329483623505,15
2025-08-28,3,0.01746090768030076,15
2025-08-28,4,0.02363030469193208,15
2025-08-28,5,-0.007475576253581681,16
2025-08-29,1,0.027041346898995094,16
2025-08-29,2,0.019396270307065908,15
2025-08-29,3,0.045100792864494664,15
2025-08-29,4,0.0668806269503882,15
2025-08-29,5,0.05283863150878437,16
2025-09-01,1,0.015197275027450677,16
2025-09-01,2,0.058632881286384685,15
2025-09-01,3,0.037015447896546184,15
2025-09-01,4,0.06007667601207981,15
2025-09-01,5,0.03264005861051079,16
2025-09-02,1,-0.04209565986487345,16
2025-09-02,2,0.016139691538249946,15
2025-09-02,3,0.008744337963521209,15
2025-09-02,4,0.004087665507308976,15
2025-09-02,5,0.019262727219836115,16
2025-09-03,1,-0.02398533185732829,16
2025-09-03,2,0.041247331884108694,15
2025-09-03,3,0.03337200383059619,15
2025-09-03,4,0.014654735382151103,15
2025-09-03,5,0.016190016607442195,16
2025-09-04,1,-0.007598865999924813,16
2025-09-04,2,0.00017120785901099853,15
2025-09-04,3,0.025109454012075857,15
2025-09-04,4,0.019087688053374654,15
2025-09-04,5,0.01853445037071074,16
2025-09-05,1,-0.05591458857697281,16
2025-09-05,2,-0.04173861852466202,15
2025-09-05,3,-0.04413065155122156,15
2025-09-05,4,-0.02637368677044207,15
2025-09-05,5,-0.01358802139524444,16
2025-09-08,1,-0.055686052612931594,16
2025-09-08,2,-0.04432308191784886,15
2025-09-08,3,-0.035615257066177054,15
2025-09-08,4,-0.03986455234321757,15
2025-09-08,5,-0.02371757483148039,16
2025-09-09,1,-0.03420919744059244,16
2025-09-09,2,-0.025979024904144107,15
2025-09-09,3,-0.00351291346324194,15
2025-09-09,4,-0.0031622864377968203,15
2025-09-09,5,0.0022009389421605297,16
2025-09-10,1,0.0032443386210332104,16
2025-09-10,2,0.019433776406939315,15
2025-09-10,3,0.006776873474919976,15
2025-09-10,4,0.02460703913672239,15
2025-09-10,5,0.004493276075236294,16
2025-09-11,1,0.0007418518482291969,16
2025-09-11,2,0.0007642536997944704,15
2025-09-11,3,-0.011250200100178624,15
2025-09-11,4,-0.0027599826458977552,15
2025-09-11,5,0.0027993746500938957,16
2025-09-12,1,-0.007429408679883606,16
2025-09-12,2,-0.014634657718559674,15
2025-09-12,3,0.0003139332384702357,15
2025-09-12,4,-0.0016747727432466848,15
2025-09-12,5,-0.010496097190302728,16
2025-09-15,1,-0.026215507677474492,16
2025-09-15,2,-0.017864851261204732,15
2025-09-15,3,-0.022330328055624064,15
2025-09-15,4,-0.02780775337073368,15
2025-09-15,5,-0.01800232775773502,16
2025-09-16,1,-0.04877964407897842,16
2025-09-16,2,-0.06820266945622085,15
2025-09-16,3,-0.05753110221394459,15
2025-09-16,4,-0.06422194855278937,15
2025-09-16,5,-0.04148858623372829,15
2025-09-17,1,-0.039220340342997734,16
2025-09-17,2,-0.04508772703338204,15
2025-09-17,3,-0.05511525056245001,15
2025-09-17,4,-0.050799084700954164,15
2025-09-17,5,-0.05986401248537447,15
2025-09-18,1,-0.07268235678144389,16
2025-09-18,2,-0.05303417103691523,15
2025-09-18,3,-0.06808852050783588,15
2025-09-18,4,-0.06674854445148777,15
2025-09-18,5,-0.06245388440903726,15
2025-09-19,1,-0.060545954201338494,16
2025-09-19,2,-0.06152366777405304,15
2025-09-19,3,-0.06169332519770927,15
2025-09-19,4,-0.06974848367921742,15
2025-09-19,5,-0.07354262192770915,15
2025-09-22,1,-0.056467380081603104,16
2025-09-22,2,-0.03504335162970383,15
2025-09-22,3,-0.04333878605165431,15
2025-09-22,4,-0.0449532222177873,15
2025-09-22,5,-0.05080742329293778,15
2025-09-23,1,-0.03861993400493221,16
2025-09-23,2,-0.01781600738196864,15
2025-09-23,3,-0.010747870125282872,15
2025-09-23,4,-0.022406393757162506,15
2025-09-23,5,-0.004875175865621563,16
