code,date,rank,trend_score,rating,confidence,prob_up_1d,prob_up_3d,prob_up_5d,pred_return_1d,pred_return_3d,pred_return_5d,ret_5d,ret_20d,rel_ret_5d,rel_ret_20d,turnover,log_money
bj831370,2025-09-30,1,100.0,强,0.2648420291497033,0.6329116694927666,0.6366810234041187,0.6276703508276696,0.007753826462660797,0.013577879401355008,0.013175139255214078,-0.10131332082551614,-0.0752895752895757,-0.11726117826553839,-0.08167868089254915,0.0158509855001642,16.80936261501853
bj430476,2025-09-30,2,98.7012987012987,强,0.26294306879685925,0.6348351945280367,0.6314256006454043,0.6281538080218478,0.006499967909486531,0.01034864938781599,0.011639734174746091,-0.02081696779261588,-0.13557558945908466,-0.03676482523263813,-0.1419646950620581,0.0167478145195689,17.335455694976275
bj831906,2025-09-30,3,97.40259740259741,强,0.2664067009893479,0.6352643671788768,0.6324594642095357,0.6318862200956094,0.007573389541352077,0.010652801413173632,0.009707598374304799,-0.05180327868852441,-0.2769999999999999,-0.06775113612854666,-0.28338910560297337,0.0547317841910654,17.783495000029788
bj831278,2025-09-30,4,96.1038961038961,强,0.23907904491126653,0.6156612682578234,0.6228808687517381,0.6200764303573383,0.004874183578386055,0.009676491778114256,0.009899689924451087,-0.0769230769230771,-0.14551083591331282,-0.09287093436309934,-0.15189994151628627,0.0160109961492612,16.803686504250372
bj831856,2025-09-30,5,94.8051948051948,强,0.24312041940664883,0.6241827889245908,0.6217559814938819,0.6187418586915006,0.005369767304915599,0.008358903060439836,0.00924849431458065,-0.04638124362895024,-0.15985630893578828,-0.06232910106897249,-0.16624541453876174,0.0215376165427357,16.885485273201983
bj831768,2025-09-30,6,93.5064935064935,强,0.24028017895742493,0.620450890827851,0.6205818211664177,0.6193875564418687,0.005874338565175908,0.008644574866403111,0.008402265311197945,-0.025602409638554646,-0.1810126582278484,-0.0415502670785769,-0.18740176383082185,0.0292244837063947,17.183986794445076
bj430556,2025-09-30,7,92.20779220779221,强,0.23380468164462007,0.6124844155149718,0.6202331381258442,0.617989468826114,0.0056349139208862215,0.00828720593866585,0.00912176350939941,-0.03211418376449604,-0.2244460328806288,-0.04806204120451829,-0.23083513848360226,0.0250680866675125,17.290475646753716
bj831195,2025-09-30,8,90.9090909090909,强,0.23904008338502103,0.6196663424013991,0.6203242936488755,0.618569489027257,0.004576131305253486,0.008015109837989668,0.008456873408417631,-0.04612159329140453,-0.12415784408084751,-0.06206945073142678,-0.13054694968382097,0.0182457676576338,16.979978178989803
bj831855,2025-09-30,9,89.6103896103896,强,0.23072937675866725,0.6130971428575608,0.6171720560233351,0.615824866257105,0.004339691332315552,0.007870651551936916,0.00889950800809745,-0.020843431895298248,-0.1281829952524821,-0.0367912893353205,-0.13457210085545557,0.0110253074007612,16.52136795663157
bj831834,2025-09-30,10,88.31168831168831,强,0.24109314661461023,0.6191350072630101,0.613532775387829,0.6289719372710763,0.007934309584059343,0.004025789813511564,0.007224441966590001,-0.057636887608069176,0.0872716404527969,-0.07358474504809143,0.08088253484982344,0.0796351366356936,18.217791617368306
bj430425,2025-09-30,11,87.01298701298701,强,0.22711472309801786,0.611662789971391,0.6172582846563246,0.6117510100193112,0.005232084955098642,0.008503124710848452,0.008263131287987429,-0.01614906832298113,-0.13756805807622474,-0.03209692576300338,-0.1439571636791982,0.0195152615887059,17.129976923332066
bj832225,2025-09-30,12,85.71428571428571,强,0.23655174705846815,0.6195584306579075,0.6204821562078187,0.6147870337219761,0.004664279301091694,0.00791080022330937,0.007321457256297858,-0.039268183846496885,-0.11942740286298559,-0.055216041286519135,-0.12581650846595904,0.0152249239612682,17.122461104270954
bj430418,2025-09-30,13,84.4155844155844,强,0.23305936077058798,0.6138455127243317,0.6192022733497056,0.6165412550818447,0.004748318276961447,0.007912047139009792,0.007257025293540559,-0.009669889963320855,-0.1361256544502616,-0.025617747403343105,-0.14251476005323505,0.0126318437444568,17.888863411212704
bj833230,2025-09-30,14,83.11688311688312,强,0.22966944912369094,0.6180022527544379,0.6158139231377423,0.6106879977933563,0.0040520559292106986,0.007318889178617529,0.006763297203431606,-0.06427221172022679,-0.10271903323262843,-0.08022006916024904,-0.10910813883560189,0.0155075848957119,16.20188269369798
bj831167,2025-09-30,15,81.81818181818183,强,0.2185293131964939,0.6074435244121701,0.6112861245497664,0.6090643208328044,0.0046549210944436085,0.006882805467732526,0.007017715652654501,-0.016636528028933006,-0.1050032916392366,-0.03258438546895526,-0.11139239724221006,0.0229796270853561,16.713857540158454
bj831526,2025-09-30,16,80.51948051948052,强,0.22037447609123265,0.6072976646494667,0.6134436075797334,0.609820441907649,0.004806002353492106,0.006816235022889574,0.006621390145671549,-0.037151702786377694,-0.08857049820905216,-0.053099560226399944,-0.09495960381202562,0.0134172948458896,16.797610279100674
bj831396,2025-09-30,17,79.22077922077922,偏强,0.22211085543155992,0.6108432631687598,0.61499375711378,0.6073292628648,0.0043128122298478205,0.007657865655669596,0.006489436426087008,-0.018050541516245633,-0.09257714762301972,-0.03399839895626788,-0.09896625322599317,0.0157506387610362,17.033875332268376
bj430718,2025-09-30,18,77.92207792207793,偏强,0.23421363267726517,0.6227104347493799,0.6138606657118855,0.6147493485546324,0.003920966964103638,0.00544310834866564,0.0056415361608067125,-0.04510108864696705,-0.035096909376636676,-0.0610489460869893,-0.04148601497961013,0.0298693728165373,16.9899002669443
bj832566,2025-09-30,19,76.62337662337663,偏强,0.21744640392365092,0.6090520575072825,0.611383041774796,0.6057345066033979,0.004128994962880958,0.007106017753375469,0.006362216383745541,0.0033003300330034513,-0.10850439882697971,-0.0126475274070188,-0.11489350442995316,0.0128751782620208,16.685683576789014
bj830974,2025-09-30,20,75.32467532467533,偏强,0.2262840636756299,0.6177800905515476,0.6146682543257952,0.606977750636102,0.004629658275612488,0.007023513878741743,0.0059172979883008086,-0.019406392694063967,-0.10984455958549244,-0.03535425013408622,-0.1162336651884659,0.0147763134481428,16.615745696748757
bj430510,2025-09-30,21,74.02597402597402,偏强,0.23506689272370265,0.6212868699443561,0.6197314026696347,0.6115820664715632,0.004766673004009668,0.0070666887724960825,0.0053048761169518,-0.03883495145631066,-0.1480206540447503,-0.05478280889633291,-0.15440975964772374,0.0118258669163929,16.911111424136074
bj430685,2025-09-30,22,72.72727272727273,偏强,0.21382022370031661,0.6033700385543072,0.6097177099859232,0.6076425870102445,0.003406290207072652,0.006384875082846786,0.006296898496719269,-0.03491271820448849,-0.09737609329446051,-0.05086057564451074,-0.10376519889743396,0.017689594729653,16.52699007224472
bj831039,2025-09-30,23,71.42857142857143,偏强,0.2124141633077369,0.6047654830261603,0.610252854669957,0.603602907265488,0.004287334754532237,0.0065542254482724065,0.006352878495827774,-0.00991609458428655,-0.14210178453403854,-0.0258639520243088,-0.148490890137012,0.0101436485136188,16.828425805025567
bj830832,2025-09-30,24,70.12987012987013,偏强,0.21069505727347124,0.6038293431714965,0.607831355377503,0.6043818873612073,0.005123783233830002,0.006814688458412484,0.006324643078164124,0.017262638717632672,-0.05929304446978334,0.0013147812776104217,-0.0656821500727568,0.0117448989974974,16.291529411376032
bj831641,2025-09-30,25,68.83116883116884,偏强,0.2321225824899693,0.6161543656848252,0.6167016374562698,0.615327870593859,0.003907782147168068,0.006772519625559379,0.005083816564177262,-0.11460674157303363,-0.00605449041372319,-0.13055459901305588,-0.012443596016696645,0.0444409760589215,17.500755841472486
bj430564,2025-09-30,26,67.53246753246754,偏强,0.22220850574130413,0.6107972999844734,0.6146855330333302,0.6078299255941526,0.0045548551058007675,0.006645240874015316,0.005557923596282634,0.011862917398945294,-0.13745318352059954,-0.0040849400410769565,-0.143842289123573,0.0240583935826315,16.93178348367505
bj430300,2025-09-30,27,66.23376623376623,偏强,0.2012771512953849,0.5942370141858714,0.6060012857555301,0.6016774270016758,0.004122664211790845,0.0064540368614333585,0.006398054111945886,-0.03773584905660399,-0.09137931034482805,-0.05368370649662624,-0.0977684159478015,0.0183407880302874,16.77522127560009
bj430478,2025-09-30,28,64.93506493506493,偏强,0.21356246868434403,0.603939328897728,0.6101106617126314,0.6062937124161567,0.003689513647117322,0.006673983720825501,0.005699668208989688,-0.030864197530864,-0.10541310541310545,-0.04681205497088625,-0.1118022110160789,0.0262241269772271,17.122739765596066
bj430198,2025-09-30,29,63.63636363636363,偏强,0.2202323322059064,0.6126440578339881,0.6119058310332227,0.6057986094416488,0.0040187022237259855,0.006209796595034206,0.005416001542454622,-0.02512077294685977,-0.13760683760683756,-0.04106863038688202,-0.14399594320981102,0.0216928477036841,16.5531776825963
bj430090,2025-09-30,30,62.33766233766234,偏强,0.22553809566377722,0.6096079407094606,0.6121501397490291,0.6165490630371762,0.003127353780619873,0.005814013671825484,0.004996963936985023,-0.03508771929824561,-0.16213275299238283,-0.05103557673826786,-0.1685218585953563,0.0765492798531778,18.210288485745405
bj832469,2025-09-30,31,61.038961038961034,偏强,0.22519057573763038,0.6138469484055139,0.6128159313393967,0.611122983861535,0.00315728972400923,0.005852858990956968,0.005069232402157876,-0.03278688524590179,-0.14129775621588825,-0.04873474268592404,-0.1476868618188617,0.0284865380208495,17.555989227167252
bj830879,2025-09-30,32,59.74025974025974,中性,0.22412657994542884,0.6138058687029824,0.6127717475774708,0.6096122536376901,0.003224369928288554,0.005507352395489935,0.005104199042236383,-0.03803680981595092,-0.11312217194570151,-0.05398466725597317,-0.11951127754867497,0.0127448719648903,17.52510739242884
bj832110,2025-09-30,33,58.44155844155844,中性,0.22123972386046598,0.610806806078688,0.6115020540772078,0.6095507256348032,0.0035012997515724313,0.005900379703536077,0.00504168576883323,-0.011184544992374423,-0.06332771490488842,-0.027132402432396674,-0.06971682050786188,0.0225536670977276,16.475713939807296
bj832023,2025-09-30,34,57.14285714285714,中性,0.20444310685461975,0.5956330551188489,0.6082622031614013,0.6027694020016794,0.004345846305635125,0.007317937696777293,0.005585323874368379,0.0022883295194509046,-0.07594936708860767,-0.013659527920571346,-0.08233847269158112,0.0229117394451731,17.108932176271328
bj832735,2025-09-30,35,55.84415584415584,中性,0.23269398446415313,0.6213419958343436,0.6158142846377549,0.6118846962241312,0.004794817763241208,0.0060752878622203806,0.00441499684370254,-0.03192046049188901,-0.07730673316708214,-0.047868317931911264,-0.0836958387700556,0.0141556109954399,17.818318099721655
bj832885,2025-09-30,36,54.54545454545454,中性,0.2160233864264527,0.6046584118546762,0.6102531449783872,0.6091235228066156,0.0037387091126784688,0.006052208131219046,0.004973251257731597,0.011055276381909618,-0.2361427486712223,-0.004892581058112633,-0.24253185427419577,0.0344876002031946,17.92448136657385
bj833171,2025-09-30,37,53.246753246753244,中性,0.2325218448196155,0.6194452533954827,0.619557281573879,0.6097802322600615,0.004819089672794558,0.007259938182778344,0.004269596402144783,-0.0576208178438663,-0.04429783223374162,-0.07356867528388855,-0.050686937836715074,0.0259308032490148,18.12374470532924
bj832471,2025-09-30,38,51.94805194805194,中性,0.21988987154333173,0.6133857036978354,0.6101555693951877,0.6062935342219745,0.002389565568479029,0.00493735099894007,0.004648760452134816,-0.011356045424181782,-0.06801007556675054,-0.027303902864204033,-0.074399181169724,0.0235017110024782,16.74118564384773
bj832278,2025-09-30,39,50.649350649350644,中性,0.21851836067013783,0.6129436747382108,0.6105478198563193,0.6042860464106766,0.0042598836896036935,0.005688862737521695,0.004645784635316308,-0.002226261484530645,-0.10447162691544432,-0.018174118924552896,-0.11086073251841777,0.0122137397363872,16.02547255770111
bj833030,2025-09-30,40,49.35064935064935,中性,0.22498543393920523,0.6171514033567107,0.6140177859890183,0.6063089615630788,0.004010326071409686,0.005484688338620954,0.004391669276925204,0.0003671071953013083,-0.10154962083745478,-0.015580750244720942,-0.10793872644042823,0.0150135918768946,16.96794059334775
bj833075,2025-09-30,41,48.05194805194805,中性,0.22465472579805498,0.6184620578563099,0.6119789875793106,0.606541043261462,0.003556534665099333,0.004977295669001843,0.004299428719185567,-0.008080808080808244,-0.12216924910607929,-0.024028665520830494,-0.12855835470905275,0.0159353240403701,16.62486264963679
bj831726,2025-09-30,42,46.75324675324675,中性,0.21591286143947444,0.6087638748183629,0.6083512977456358,0.606754119595213,0.002574801319697834,0.0052285067218452545,0.00452783052190291,-0.07953976988494293,-0.1279620853080573,-0.09548762732496519,-0.13435119091103076,0.0214330455179224,16.924833089754944
bj832089,2025-09-30,43,45.45454545454545,中性,0.2152674408362009,0.6033099592380562,0.6115314082027562,0.608059793813489,0.0042201849012029405,0.006684165554120242,0.004382702227268852,-0.009555930297919901,-0.14006832601268882,-0.025503787737942152,-0.14645743161566227,0.018136867870644,17.21468352521497
bj832171,2025-09-30,44,44.15584415584416,中性,0.21705969517340326,0.6074546016923732,0.6113781363729393,0.6067568046947924,0.0030533851460275677,0.005422778411239195,0.003957643078715473,0.01026045777426976,-0.13775682047827553,-0.0056873996657524906,-0.144145926081249,0.0377955757785204,17.999859247760508
bj832419,2025-09-30,45,42.857142857142854,中性,0.1931786994012493,0.591241528136868,0.601067075292302,0.5974594456727039,0.0033363134134564896,0.004716729073952719,0.0047748896699929344,-0.016847826086956452,-0.12608695652173907,-0.0327956835269787,-0.13247606212471252,0.0109008792476563,16.76218472145454
bj832802,2025-09-30,46,41.55844155844156,中性,0.22100772021560902,0.6169794693716246,0.6103482465879438,0.6041838643638451,0.0040735967489629885,0.005224335410325109,0.0036004946106612187,-0.014876033057851012,-0.0653423941453215,-0.030823890497873263,-0.07173149974829496,0.0294778495626395,16.278411771051953
bj831175,2025-09-30,47,40.25974025974026,中性,0.2179406088774766,0.6090333966453978,0.6108611431140165,0.6070163735568006,0.002705832018437217,0.004894568781022247,0.0033301618253311566,-0.022574740695546103,-0.13264753654574946,-0.03852259813556835,-0.1390366421487229,0.0400169369156426,17.55499084552001
bj832786,2025-09-30,48,38.961038961038966,偏弱,0.20744300569399368,0.6019840065082579,0.6074086925870422,0.6017718094456904,0.00348278706917241,0.005289013065756179,0.0035279796922585253,-0.015015015015014899,-0.10626702997275195,-0.03096287245503715,-0.1126561355757254,0.0330320119443202,17.651474060548495
bj430017,2025-09-30,49,37.66233766233766,偏弱,0.18344584203899514,0.5836059158211842,0.5974379060859242,0.5941249411513844,0.0037064875534162794,0.005187817269952658,0.004340357463022281,0.0043980208905991525,-0.11008280565026796,-0.011549836549423098,-0.11647191125324141,0.0085358883655132,16.768608779546454
bj830964,2025-09-30,50,36.36363636363637,偏弱,0.1922589687513024,0.5902251688812704,0.6005592411682544,0.5976040430774288,0.003777602066776715,0.005290787980482657,0.0037884740136016302,0.009395973154362025,-0.0884848484848485,-0.0065518842856602255,-0.09487395408782195,0.0233763696950841,16.96226775984168
bj832522,2025-09-30,51,35.064935064935064,偏弱,0.23071964952278914,0.6153077829662119,0.6191431473167262,0.6116285440012457,0.0009680791562120868,0.003907865893542946,0.002145591388957718,-0.09232512036250373,0.02118846582762446,-0.10827297780252598,0.014799360224651004,0.0296998111159661,19.345282031299426
bj430139,2025-09-30,52,33.76623376623377,偏弱,0.22296175057303924,0.6145862316723262,0.6148812359795813,0.6049751582076514,0.004060248039497192,0.0055796010612194046,0.002273661955130896,-0.008792965627497651,-0.042471042471042164,-0.0247408230675199,-0.04886014807401562,0.0159339471708822,18.459258327265054
bj832876,2025-09-30,53,32.467532467532465,偏弱,0.20403782415734675,0.5972182016523967,0.6080457432212154,0.600792791362408,0.0020886438413216715,0.004618566757265986,0.001986946785418592,-0.0009826400262037405,-0.07910628019323707,-0.01693049746622599,-0.08549538579621052,0.0371368772453588,17.60852743506305
bj831152,2025-09-30,54,31.16883116883117,偏弱,0.21456377371171365,0.6123046744693248,0.6100825828343996,0.599458403263846,0.002615846051666683,0.004263348916064284,0.0009278955510880205,0.026634382566586012,0.03313840155945402,0.010686525126563762,0.026749295956480568,0.0194490771041936,17.3508411136442
bj831087,2025-09-30,55,29.87012987012987,偏弱,0.19102517902838115,0.5932918173925489,0.5988444436170066,0.5944015075330162,0.0030747446988085535,0.0022490211726009716,0.0016966600705311434,0.048128342245989275,-0.1379879054425509,0.032180484805967025,-0.14437701104552436,0.0220069357317187,17.835063234730075
bj831304,2025-09-30,56,28.57142857142857,偏弱,0.2029245938905017,0.6036820826869702,0.6039954061998686,0.5967094019489138,0.003426799591864627,0.003688604552347137,0.001255660147882461,-0.0022222222222223476,-0.05870020964360556,-0.018170079662244598,-0.06508931524657902,0.0164093087031304,16.676926502340205
bj830896,2025-09-30,57,27.27272727272727,偏弱,0.2164439752583379,0.6129874500516784,0.6075686476560728,0.6041098651797556,0.0016067660736103042,0.002718530674153955,0.00043544957898509237,-0.005657708628005853,-0.07863695937090454,-0.021605566068028104,-0.08502606497387799,0.0494055084691367,17.65831552369987
bj832978,2025-09-30,58,25.97402597402597,偏弱,0.2441762976267731,0.6140567499301913,0.6229507176604195,0.6292569788495488,-0.00015675701352419174,0.003453750114518539,-0.0012017835186832453,-0.07947805456702262,0.12138728323699399,-0.09542591200704487,0.11499817763402054,0.0618271975152136,19.3122576618114
bj832662,2025-09-30,59,24.675324675324674,偏弱,0.21684715954146752,0.6092423892064757,0.6092949394344966,0.606733410671229,0.0017109506738651383,0.0033593982239475424,1.1744857140085635e-06,-0.09104046242774622,-0.10856009070294814,-0.10698831986776847,-0.1149491963059216,0.0554248544802673,17.587084354904
bj832175,2025-09-30,60,23.376623376623375,偏弱,0.19154978805848902,0.5940372103916469,0.5990910801278653,0.5941963915682213,0.002245628946576904,0.00308334480848582,0.0010029480266243898,0.006666666666666599,-0.07996953541507967,-0.009281190773355652,-0.08635864101805313,0.0267927966975066,17.061455097085375
bj831832,2025-09-30,61,22.07792207792208,偏弱,0.2206999576263989,0.6114274264415736,0.6156161604813306,0.6040063495166942,0.002479103897822471,0.004639564508962681,-0.00023182850557334263,0.026615969581748944,-0.04017063633131901,0.010668112141726693,-0.046559741934292465,0.0318300228779475,18.131041985104382
bj830839,2025-09-30,62,20.77922077922078,偏弱,0.21579154599115982,0.6014087337432791,0.611928239660306,0.6103503455831547,0.0034097268902480576,0.003429115692470611,-0.00039439314692457455,-0.07488986784140939,-0.0007137758743746003,-0.09083772528143164,-0.007102881477348055,0.0344088814712633,18.373917405383516
bj831961,2025-09-30,63,19.480519480519483,弱,0.2166369185884256,0.6038997605572961,0.6090315137876071,0.6120241035377352,0.0013094712845178394,0.0014272817304821616,-0.0006674744627377261,-0.050542740841248546,-0.009203539823009477,-0.0664905982812708,-0.015592645425982932,0.1021902864636135,19.528697911111184
bj831689,2025-09-30,64,18.181818181818183,弱,0.18426331600262355,0.58310534800214,0.5947338635285899,0.5985557624732054,0.0005106861168166846,0.002079974989198738,0.00035464612327676685,-0.0773087071240105,-0.15836341756919348,-0.09325656456403275,-0.16475252317216693,0.0489367731613751,17.994922169306147
bj832145,2025-09-30,65,16.883116883116884,弱,0.1909966371637001,0.5834685210858778,0.6008344639383368,0.6021919707213356,-0.004829155525054801,-0.004218785637985011,-0.0018321222018900327,0.030181086519114775,0.12576956904133652,0.014233229079092524,0.11938046343836306,0.0740434414146965,18.39679263141503
bj430047,2025-09-30,66,15.584415584415584,弱,0.1832881843833456,0.5881190164206307,0.5976795790931065,0.5891336810612812,0.0023597477737580287,0.002263342170062548,-0.00186999210515215,0.05210504376823666,-0.028109356950327347,0.03615718632821441,-0.0344984625533008,0.0169797993938328,18.15619093311085
bj831305,2025-09-30,67,14.285714285714285,弱,0.1836381598723004,0.5867121821783817,0.5993776004917774,0.5893674571382915,0.0011765454519619117,0.0016349899249331035,-0.0021726029915703614,0.05508320881081419,-0.021028625258907363,0.03913535137079194,-0.027417730861880818,0.0239672074157044,17.902817262462833
bj832982,2025-09-30,68,12.987012987012985,弱,0.20965171890415127,0.6135970417686506,0.6038760449277,0.5970044916598763,0.0017755086256693632,0.00025379092870772384,-0.004291621660045422,-0.013465179336608513,-0.08315678801312532,-0.029413036776630763,-0.08954589361609877,0.0087806319191135,18.837279311124252
bj830946,2025-09-30,69,11.688311688311687,弱,0.17272655482280386,0.5805946714742242,0.5918111301708529,0.5866840305891288,0.0016169810069943881,0.0011806328075190556,-0.0017503921569387484,0.005459508644222177,-0.08450704225352046,-0.010488348795800073,-0.09089614785649391,0.006283847526878,17.20228908577881
bj832491,2025-09-30,70,10.38961038961039,弱,0.20353025825340235,0.6021065012420886,0.6024158536473655,0.6007730324906494,-0.00010150935488850211,-0.000573251492427383,-0.004467871914653049,0.039114614918132284,0.06131929389904056,0.023166757478110034,0.054930188296067106,0.0641512822432097,19.362580511299967
bj832149,2025-09-30,71,9.090909090909092,弱,0.2018206050205326,0.6013677907114398,0.6043024404148263,0.5970606764045329,0.0011734015109417797,0.0012662265841027536,-0.004499453601483469,0.024144869215291687,-0.10229276895943595,0.008197011775269436,-0.10868187456240941,0.0579090844104579,18.52782059465427
bj832000,2025-09-30,72,7.792207792207792,弱,0.20918318045968562,0.5976053800285631,0.607885394875993,0.6082839957849723,0.0008731688728831283,0.0007647227865282512,-0.00637163284545441,-0.10145497443963802,0.0439644795081211,-0.11740283187966027,0.037575373905147647,0.1331401287202704,18.815220668993312
bj832651,2025-09-30,73,6.493506493506493,弱,0.1824723939893861,0.5853878246241236,0.5927336557703993,0.5955871105895563,-0.0010937642135195869,-0.0020642210747907,-0.004657840217643269,0.04690117252931292,0.03993344425956735,0.030953315089290667,0.0335443386565939,0.0685734105381315,17.48577242534402
bj830779,2025-09-30,74,5.194805194805195,弱,0.18528435173849248,0.6000286807668832,0.5933719889903585,0.584525857850497,0.0009768736484148288,-0.0006914191096745591,-0.007370907015073276,0.00287150035893724,-0.06844030636727927,-0.01307635708108501,-0.07482941197025272,0.0471479796390012,17.4974618929889
bj831010,2025-09-30,75,3.896103896103896,弱,0.15935731999911015,0.5695479309373791,0.5876000936874067,0.5818879553738794,-0.0005452153296699323,-0.0015570736891446476,-0.005744521599002128,0.009946442234123776,-0.07042253521126796,-0.006001415205898475,-0.07681164081424141,0.0387913490366161,18.30178243786305
bj831627,2025-09-30,76,2.5974025974025974,弱,0.172116444445885,0.5876465757898213,0.5864761147907601,0.5840519760882461,-0.00418490690153429,-0.007655118091515485,-0.013848530869083924,0.051051051051051344,0.019293775027302784,0.03510319361102909,0.01290466942432933,0.1170047311368612,18.853482270778578
bj830809,2025-09-30,77,1.2987012987012987,弱,0.1519457626977041,0.5705281212205222,0.5847729532487982,0.5726175695772358,-0.0026673644994695553,-0.005036107584165564,-0.011976771602324863,0.066552901023891,0.08506944444444464,0.05060504358386875,0.07868033884147119,0.0658636053298826,19.049305440579477
